user_id,0,1,2,3,4,5,
1117597,1,0,0,1,0,0,
1780348,1,0,0,0,3,1,
10642337,0,0,0,0,1,3,
228998,0,0,2,0,0,0,
228998,0,1,0,0,0,2,
228998,0,0,0,0,1,0,
228998,0,0,0,0,0,0,
3478847,0,0,0,0,0,0,
3478847,0,0,0,0,0,0,
3478847,0,0,0,0,0,0,
3478847,0,0,0,0,0,0,
3478847,0,0,0,0,0,0,
3478847,0,0,0,0,0,0,
3478847,0,0,0,0,0,0,
3478847,0,0,0,0,0,0,
3478847,0,0,1,0,0,0,
3478847,0,0,0,0,0,1,
3478847,2,5,3,0,0,0,
3478847,3,1,2,2,5,3,
3478847,1,1,5,3,1,2,
3478847,1,0,0,1,1,5,
8255422,0,0,0,0,0,0,
8255422,0,0,0,0,0,0,
8255422,0,0,0,0,0,0,
8255422,0,0,0,0,0,0,
8255422,0,0,0,0,0,0,
8255422,0,0,0,0,0,0,
8255422,0,0,0,0,0,0,
8255422,0,0,0,0,0,0,
8255422,0,0,0,0,0,0,
1584318,5,0,0,2,0,0,
1584318,3,0,0,5,0,0,
15046660,0,0,0,0,0,0,
15046660,0,0,0,0,0,0,
5712203,1,0,0,0,0,0,
5712203,0,0,0,1,0,0,
5712203,0,0,0,0,0,0,
13970565,0,0,0,0,0,0,
13970565,0,0,0,0,0,0,
13970565,0,0,0,0,0,0,
4524702,0,0,0,0,0,0,
4524702,1,0,1,0,0,0,
4492809,0,0,0,3,0,0,
4492809,1,0,0,0,0,0,
4492809,0,0,0,1,0,0,
4492809,1,0,0,0,0,0,
4492809,0,0,1,1,0,0,
4492809,0,0,0,0,0,1,
4492809,0,0,0,0,0,0,
4492809,0,0,0,0,0,0,
4492809,0,0,0,0,0,0,
4492809,0,0,0,0,0,0,
4492809,0,1,0,0,0,0,
4492809,0,1,0,0,1,0,
4492809,0,0,0,0,1,0,
4492809,0,0,0,0,0,0,
4492809,1,0,0,0,0,0,
4492809,2,2,7,1,0,0,
4492809,0,1,1,2,2,7,
4492809,3,3,0,0,1,1,
4492809,1,3,2,3,3,0,
4492809,1,1,0,1,3,2,
4492809,1,0,0,1,1,0,
4492809,0,3,0,1,0,0,
125752,0,0,0,0,0,0,
5582151,1,0,0,0,1,0,
5582151,0,1,2,1,0,0,
5582151,0,0,0,0,1,2,
5582151,0,1,0,0,0,0,
5582151,0,0,0,0,1,0,
5582151,0,0,0,0,0,0,
5582151,0,0,0,0,0,0,
5582151,1,0,0,0,0,0,
5582151,0,0,0,1,0,0,
5582151,0,0,0,0,0,0,
5582151,0,0,0,0,0,0,
5582151,0,0,0,0,0,0,
5582151,0,0,0,0,0,0,
5582151,0,0,0,0,0,0,
5582151,0,0,0,0,0,0,
5582151,0,0,0,0,0,0,
5582151,1,2,2,0,0,0,
5582151,0,0,0,1,2,2,
12530856,0,0,1,0,0,0,
12530856,0,0,0,0,0,1,
12530856,0,0,0,0,0,0,
12530856,0,1,0,0,0,0,
10137,0,0,0,0,0,0,
5312198,1,0,1,0,0,0,
7363758,0,0,0,0,0,0,
7363758,1,0,1,0,0,0,
2179853,0,0,0,1,0,0,
2179853,0,0,0,0,0,0,
2179853,0,0,0,0,0,0,
2179853,0,0,0,0,0,0,
2179853,0,0,0,0,0,0,
2179853,0,0,0,0,0,0,
2179853,0,0,0,0,0,0,
2179853,0,0,0,0,0,0,
2179853,0,0,0,0,0,0,
2179853,0,1,0,0,0,0,
70274,0,0,0,0,0,0,
70274,0,0,0,0,0,0,
70274,0,0,0,0,0,0,
10835742,0,0,0,0,0,0,
53812472,0,0,0,0,0,2,
6540837,0,0,0,0,0,0,
6540837,0,0,0,0,0,0,
6540837,0,2,0,0,0,0,
6540837,0,0,0,0,2,0,
6540837,0,0,0,0,0,0,
6540837,0,0,0,0,0,0,
6540837,0,0,0,0,0,0,
6540837,1,0,1,0,0,0,
6540837,0,0,1,1,0,1,
6540837,0,1,0,0,0,1,
6540837,0,0,1,0,1,0,
4731542,0,0,0,0,0,0,
4731542,0,0,1,0,0,0,
4731542,0,0,0,0,0,1,
4731542,0,0,0,0,0,0,
4731542,0,0,0,0,0,0,
4731542,0,0,0,0,0,0,
4731542,1,0,0,0,0,0,
1425269,0,0,0,0,0,0,
1425269,0,0,0,0,0,0,
1425269,0,0,0,0,0,0,
1425269,0,0,0,0,0,0,
1425269,0,0,0,0,0,0,
1425269,0,0,0,0,0,0,
1425269,0,2,0,0,0,0,
1425269,2,0,0,0,2,0,
1425269,0,0,0,2,0,0,
1425269,0,3,0,0,0,0,
1425269,0,0,0,0,3,0,
1425269,1,0,0,0,0,0,
1425269,0,1,0,1,0,0,
1425269,0,1,1,0,1,0,
1425269,0,0,3,0,1,1,
1425269,2,0,0,0,0,3,
1425269,4,0,2,2,0,0,
1425269,0,0,5,4,0,2,
1425269,0,0,0,0,0,5,
1425269,0,0,0,0,0,0,
1425269,0,0,0,0,0,0,
5285727,1,0,0,0,0,0,
5285727,0,0,0,1,0,0,
5285727,0,0,2,0,0,0,
5285727,0,0,0,0,0,2,
5285727,0,0,0,0,0,0,
5285727,0,1,0,0,0,0,
5285727,0,1,2,0,1,0,
5285727,1,1,0,0,1,2,
5888932,0,0,0,0,0,0,
5888932,0,0,0,0,0,0,
5888932,0,0,0,0,0,0,
5888932,0,0,0,0,0,0,
5888932,0,0,0,0,0,0,
5888932,0,0,0,0,0,0,
5888932,0,0,0,0,0,0,
1470603,0,0,0,0,0,0,
18666312,0,0,0,0,0,0,
18666312,0,0,0,0,0,0,
18666312,0,0,0,0,0,0,
18666312,0,0,0,0,0,0,
18666312,0,0,0,0,0,0,
18666312,1,0,0,0,0,0,
18666312,0,0,0,1,0,0,
18666312,0,0,0,0,0,0,
18666312,0,0,0,0,0,0,
18666312,0,0,0,0,0,0,
18666312,0,1,0,0,0,0,
18666312,1,0,0,0,1,0,
18666312,0,1,0,1,0,0,
18666312,1,0,0,0,1,0,
18666312,4,0,1,1,0,0,
36884713,0,0,0,0,0,0,
36884713,0,0,0,0,0,0,
36884713,0,0,0,0,0,0,
2241676,0,0,0,0,0,0,
718384,0,0,0,0,0,0,
718384,0,0,0,0,0,0,
718384,0,0,0,0,0,0,
718384,0,0,0,0,0,0,
718384,0,0,0,0,0,0,
718384,0,0,0,0,0,0,
20482960,0,0,0,1,0,0,
20482960,0,1,0,0,0,0,
20482960,0,0,2,0,1,0,
20482960,0,0,0,0,0,2,
20482960,0,0,0,0,0,0,
20482960,0,0,0,0,0,0,
20482960,0,0,0,0,0,0,
20482960,0,1,0,0,0,0,
20482960,0,0,0,0,1,0,
20482960,0,0,0,0,0,0,
20482960,0,1,1,0,0,0,
20482960,0,0,0,0,1,1,
20482960,0,1,0,0,0,0,
20482960,1,1,1,0,1,0,
20482960,1,2,1,1,1,1,
20482960,0,0,0,1,2,1,
20482960,1,0,0,0,0,0,
20482960,0,0,0,1,0,0,
20482960,1,0,0,0,0,0,
20482960,1,0,0,1,0,0,
20482960,0,0,0,1,0,0,
20482960,0,1,2,0,0,0,
20482960,0,1,1,0,1,2,
20482960,0,0,0,0,1,1,
20482960,0,0,0,0,0,0,
20482960,0,0,0,0,0,0,
20482960,0,1,0,0,0,0,
20482960,0,0,2,0,1,0,
20482960,0,1,0,0,0,2,
20482960,0,0,0,0,1,0,
20482960,4,2,6,0,0,0,
20482960,1,0,0,4,2,6,
20482960,0,0,0,1,0,0,
20482960,3,0,1,0,0,0,
20482960,1,0,0,3,0,1,
20482960,0,1,2,1,0,0,
940521,0,0,0,0,0,0,
940521,0,0,0,0,0,0,
6035284,0,0,0,0,0,0,
6368040,0,0,0,0,0,0,
6368040,0,0,0,0,0,0,
6368040,0,0,0,0,0,0,
6368040,0,0,0,0,0,0,
6368040,0,0,0,0,0,0,
6368040,0,0,0,0,0,0,
6368040,0,0,0,0,0,0,
6368040,0,0,0,0,0,0,
26384082,0,0,0,0,0,0,
26384082,0,0,0,0,0,0,
26384082,0,0,0,0,0,0,
26384082,0,0,0,0,0,0,
26384082,0,0,0,0,0,0,
26384082,0,0,0,0,0,0,
26384082,0,0,0,0,0,0,
2346494,0,0,0,0,0,0,
2346494,0,2,0,0,0,0,
2346494,0,0,0,0,2,0,
2346494,0,1,1,0,0,0,
2346494,0,0,0,0,1,1,
228859,0,0,0,0,0,0,
228859,0,0,0,0,0,0,
228859,0,0,0,0,0,0,
228859,0,0,0,0,0,0,
228859,0,0,0,0,0,0,
228859,0,0,0,0,0,0,
228859,0,0,0,0,0,0,
228859,0,0,0,0,0,0,
228859,0,0,0,0,0,0,
228859,3,0,0,0,0,0,
228859,0,0,2,3,0,0,
228859,0,0,0,0,0,2,
228859,0,0,0,0,0,0,
228859,1,0,0,0,0,0,
228859,0,0,0,1,0,0,
228859,2,0,0,0,0,0,
228859,0,0,0,2,0,0,
228859,1,0,0,0,0,0,
228859,0,0,0,1,0,0,
228859,0,0,0,0,0,0,
228859,1,0,0,0,0,0,
228859,1,0,0,1,0,0,
228859,0,0,0,1,0,0,
228859,1,0,0,0,0,0,
228859,0,0,0,1,0,0,
228859,0,0,0,0,0,0,
228859,1,0,0,0,0,0,
228859,0,0,1,1,0,0,
228859,0,0,0,0,0,1,
228859,0,0,1,0,0,0,
228859,0,0,0,0,0,1,
228859,0,0,0,0,0,0,
228859,0,0,0,0,0,0,
228859,0,0,0,0,0,0,
228859,3,2,0,0,0,0,
228859,1,6,0,3,2,0,
228859,0,0,0,1,6,0,
228859,1,0,0,0,0,0,
525590,0,0,0,0,0,0,
525590,0,0,0,0,0,0,
525590,0,0,0,0,0,0,
525590,0,0,0,0,0,0,
525590,0,0,0,0,0,0,
863327,0,0,0,0,0,0,
863327,0,0,0,0,0,0,
863327,0,0,0,0,0,0,
863327,0,0,0,0,0,0,
3056077,0,0,0,0,0,0,
8223335,0,0,0,0,0,0,
8223335,0,0,0,0,0,0,
8223335,0,0,0,0,0,0,
8655789,0,0,0,0,0,0,
8655789,0,0,0,0,0,0,
8655789,0,0,0,0,0,0,
8655789,0,0,0,0,0,0,
8655789,0,0,0,0,0,0,
8655789,0,0,0,0,0,0,
8655789,0,0,0,0,0,0,
8655789,0,0,0,0,0,0,
8655789,0,0,0,0,0,0,
8655789,0,0,0,0,0,0,
8655789,0,0,0,0,0,0,
8655789,0,0,0,0,0,0,
8655789,0,0,0,0,0,0,
8655789,0,0,0,0,0,0,
8655789,0,0,0,0,0,0,
8655789,0,0,0,0,0,0,
8655789,0,0,0,0,0,0,
8655789,0,0,0,0,0,0,
8655789,0,0,0,0,0,0,
8655789,0,0,0,0,0,0,
8655789,0,0,0,0,0,0,
8655789,0,0,0,0,0,0,
8655789,0,0,0,0,0,0,
8655789,0,0,0,0,0,0,
8655789,0,0,0,0,0,0,
8655789,0,0,0,0,0,0,
8655789,0,0,0,0,0,0,
8655789,0,0,0,0,0,0,
8655789,0,0,0,0,0,0,
8655789,0,0,0,0,0,0,
8655789,0,0,0,0,0,0,
8655789,0,0,0,0,0,0,
8655789,0,0,0,0,0,0,
8655789,0,0,0,0,0,0,
8655789,0,0,0,0,0,0,
8655789,0,0,0,0,0,0,
8655789,0,0,0,0,0,0,
8655789,0,0,0,0,0,0,
8655789,0,0,0,0,0,0,
8655789,0,0,0,0,0,0,
9397454,0,1,0,0,0,0,
9397454,0,0,0,0,1,0,
9397454,0,0,0,0,0,0,
9397454,0,0,0,0,0,0,
9397454,0,0,0,0,0,0,
9397454,0,0,0,0,0,0,
18707623,0,1,0,0,0,0,
18707623,0,0,0,0,1,0,
18707623,0,0,0,0,0,0,
18707623,0,0,0,0,0,0,
18707623,0,0,0,0,0,0,
18707623,1,0,0,0,0,0,
18707623,0,0,0,1,0,0,
18707623,0,0,0,0,0,0,
18707623,0,0,0,0,0,0,
18707623,0,0,0,0,0,0,
5024543,0,0,0,0,0,0,
5024543,0,1,0,0,0,0,
16749003,0,0,0,0,0,0,
16749003,0,0,0,0,0,0,
16749003,0,0,0,0,0,0,
23654732,0,0,0,0,0,0,
23654732,0,0,0,0,0,0,
23654732,0,0,0,0,0,0,
23654732,0,0,2,0,0,0,
23654732,0,0,0,0,0,2,
23654732,0,0,0,0,0,0,
23654732,0,0,0,0,0,0,
23654732,0,0,0,0,0,0,
23654732,0,0,0,0,0,0,
4209122,0,0,1,0,0,0,
4209122,0,0,0,0,0,1,
4209122,0,0,0,0,0,0,
4209122,0,0,0,0,0,0,
595774,0,1,0,1,0,0,
595774,0,2,0,0,1,0,
595774,0,0,0,0,2,0,
595774,0,0,0,0,0,0,
595774,4,2,0,0,0,0,
595774,0,0,0,4,2,0,
595774,0,0,0,0,0,0,
595774,0,0,0,0,0,0,
595774,0,0,0,0,0,0,
595774,0,0,0,0,0,0,
595774,0,0,0,0,0,0,
595774,0,0,0,0,0,0,
595774,0,0,0,0,0,0,
595774,0,0,0,0,0,0,
595774,0,0,0,0,0,0,
595774,0,0,0,0,0,0,
7363758,0,0,0,0,0,0,
7363758,0,0,0,0,0,0,
7363758,0,1,0,0,0,0,
13761737,0,0,0,2,0,0,
13761737,0,0,0,0,0,0,
13761737,0,0,0,0,0,0,
13761737,0,0,0,0,0,0,
13761737,0,1,0,0,0,0,
2205288,0,0,0,0,0,0,
2205288,0,0,0,0,0,0,
2205288,0,1,0,0,0,0,
4522842,0,0,0,0,0,0,
4522842,0,0,1,0,0,0,
4522842,0,1,0,0,0,1,
4522842,0,0,0,0,1,0,
4522842,0,0,0,0,0,0,
4522842,0,2,0,0,0,0,
4522842,0,0,0,0,2,0,
4522842,0,1,1,0,0,0,
24907857,0,0,0,0,0,0,
24907857,0,0,0,0,0,0,
24907857,0,0,0,0,0,0,
24907857,0,0,0,0,0,0,
24907857,0,0,0,0,0,0,
24907857,0,0,0,0,0,0,
24907857,0,0,0,0,0,0,
24907857,0,0,0,0,0,0,
24907857,0,0,0,0,0,0,
24907857,0,0,0,0,0,0,
12011058,0,0,0,0,1,0,
11030437,0,2,0,0,0,0,
6637618,0,0,0,0,0,0,
6637618,0,0,0,0,0,0,
30043698,0,0,0,0,0,0,
1960721,0,0,0,0,0,0,
1960721,0,0,0,0,0,0,
1960721,0,0,0,0,0,0,
1960721,0,0,0,0,0,0,
1960721,0,0,0,0,0,0,
1960721,0,0,0,0,0,0,
1960721,0,0,0,0,0,0,
1960721,0,0,0,0,0,0,
1960721,0,0,0,0,0,0,
1960721,0,0,0,0,0,0,
1960721,0,0,0,0,0,0,
1960721,0,0,0,0,0,0,
1960721,0,0,0,0,0,0,
1960721,0,0,0,0,0,0,
1960721,0,0,0,0,0,0,
1960721,0,0,0,0,0,0,
1960721,0,0,0,0,0,0,
1960721,0,0,0,0,0,0,
1960721,0,0,0,0,0,0,
1960721,0,0,0,0,0,0,
1960721,0,0,0,0,0,0,
1960721,0,0,0,0,0,0,
1960721,0,0,0,0,0,0,
1960721,0,0,0,0,0,0,
1960721,0,0,0,0,0,0,
1960721,0,0,0,0,0,0,
1960721,0,0,0,0,0,0,
1960721,0,0,0,0,0,0,
1960721,0,0,0,0,0,0,
6811562,0,0,1,0,0,2,
6811562,0,0,0,0,0,1,
6811562,0,0,0,0,0,0,
6811562,0,0,0,0,0,0,
6811562,0,0,0,0,0,0,
6811562,0,0,0,0,0,0,
6811562,0,0,0,0,0,0,
6811562,0,0,0,0,0,0,
6811562,1,0,0,0,0,0,
6811562,0,1,0,1,0,0,
6811562,0,0,0,0,1,0,
6811562,0,0,1,0,0,0,
6811562,0,0,0,0,0,1,
6811562,0,0,0,0,0,0,
6811562,0,0,0,0,0,0,
6811562,0,0,0,0,0,0,
6811562,0,0,0,0,0,0,
6811562,0,0,0,0,0,0,
6811562,0,1,0,0,0,0,
6811562,0,0,0,0,1,0,
6811562,0,1,1,0,0,0,
6811562,0,1,0,0,1,1,
6811562,1,2,0,0,1,0,
6811562,0,1,0,1,2,0,
6811562,0,2,0,0,1,0,
6811562,0,0,0,0,2,0,
6811562,0,0,0,0,0,0,
6900999,0,0,0,0,0,0,
6900999,0,0,0,0,0,0,
6900999,0,0,2,0,0,0,
6900999,0,0,2,0,0,2,
6900999,1,0,3,0,0,2,
6900999,0,0,7,1,0,3,
6900999,0,0,0,0,0,7,
6900999,0,0,0,0,0,0,
6900999,0,0,0,0,0,0,
6900999,0,0,0,0,0,0,
6900999,0,0,1,0,0,0,
6900999,0,0,0,0,0,1,
6900999,0,0,0,0,0,0,
6900999,2,2,0,0,0,0,
6900999,0,1,1,2,2,0,
6900999,0,0,3,0,1,1,
6900999,0,0,0,0,0,3,
6900999,0,0,0,0,0,0,
6900999,0,0,0,0,0,0,
6900999,0,0,0,0,0,0,
6900999,0,0,0,0,0,0,
6900999,0,0,0,0,0,0,
6900999,0,0,0,0,0,0,
6900999,1,3,1,0,0,0,
6900999,4,4,1,1,3,1,
6900999,0,1,1,4,4,1,
6900999,2,0,0,0,1,1,
6900999,4,3,1,2,0,0,
6900999,3,2,0,4,3,1,
6900999,1,0,0,3,2,0,
6900999,1,2,2,1,0,0,
6900999,4,1,1,1,2,2,
6900999,1,1,0,4,1,1,
6900999,0,2,0,1,1,0,
6900999,0,0,0,0,2,0,
6900999,0,0,0,0,0,0,
6900999,0,0,0,0,0,0,
6900999,0,0,1,0,0,0,
6900999,3,2,1,0,0,1,
6900999,0,0,0,3,2,1,
6900999,0,4,2,0,0,0,
6900999,3,0,3,0,4,2,
6900999,0,1,2,3,0,3,
6900999,0,0,0,0,1,2,
6900999,0,0,0,0,0,0,
6900999,0,0,0,0,0,0,
6900999,0,0,0,0,0,0,
51711739,0,0,0,0,0,0,
51711739,1,0,0,0,0,0,
51711739,0,0,0,1,0,0,
51711739,0,0,0,0,0,0,
51711739,0,0,0,0,0,0,
51711739,0,0,0,0,0,0,
51711739,0,0,0,0,0,0,
51711739,0,0,0,0,0,0,
51711739,0,0,0,0,0,0,
51711739,0,0,1,0,0,0,
51711739,2,1,2,0,0,1,
51711739,0,0,0,2,1,2,
51711739,1,0,1,0,0,0,
51711739,0,0,0,1,0,1,
51711739,1,0,0,0,0,0,
51711739,0,0,0,1,0,0,
51711739,0,1,1,0,0,0,
51711739,0,0,1,0,1,1,
51711739,0,0,0,0,0,1,
51711739,0,1,0,0,0,0,
14976422,0,0,0,1,0,0,
2760084,1,0,0,0,0,0,
17152264,0,0,0,0,0,0,
4949354,0,0,0,0,0,0,
40995790,0,0,0,0,0,0,
40995790,0,0,0,0,0,0,
40995790,0,0,0,0,0,0,
40995790,0,0,0,0,0,0,
40995790,0,0,0,0,0,0,
40995790,0,0,0,0,0,0,
40995790,0,0,0,0,0,0,
40995790,0,0,0,0,0,0,
40995790,0,0,0,0,0,0,
1721873,0,1,0,1,1,0,
1721873,0,0,0,0,1,0,
1721873,0,0,0,0,0,0,
1721873,0,0,0,0,0,0,
1721873,0,0,0,0,0,0,
1721873,0,0,1,0,0,0,
1721873,0,1,0,0,0,1,
1721873,0,0,0,0,1,0,
1721873,0,0,0,0,0,0,
1721873,0,0,0,0,0,0,
1721873,0,0,0,0,0,0,
1721873,0,1,0,0,0,0,
1721873,1,0,0,0,1,0,
1721873,0,0,0,1,0,0,
658597,0,0,0,0,2,0,
658597,0,3,0,0,0,0,
658597,0,0,0,0,3,0,
658597,1,0,0,0,0,0,
658597,0,0,0,1,0,0,
658597,0,0,0,0,0,0,
658597,0,0,0,0,0,0,
658597,0,0,0,0,0,0,
658597,0,0,0,0,0,0,
658597,1,1,0,0,0,0,
658597,0,1,2,1,1,0,
658597,0,1,1,0,1,2,
658597,0,1,1,0,1,1,
658597,0,0,0,0,1,1,
658597,0,0,0,0,0,0,
658597,2,0,0,0,0,0,
658597,0,0,0,2,0,0,
658597,2,3,0,0,0,0,
658597,0,1,1,2,3,0,
658597,0,0,0,0,1,1,
658597,3,0,0,0,0,0,
658597,0,0,0,3,0,0,
658597,0,0,0,0,0,0,
658597,1,0,0,0,0,0,
658597,0,1,0,1,0,0,
658597,0,0,2,0,1,0,
39497939,0,0,0,0,0,0,
39497939,0,0,0,0,0,0,
39497939,0,0,0,0,0,0,
39497939,0,0,0,0,0,0,
39497939,0,0,0,0,0,0,
39497939,0,0,0,0,0,0,
39497939,0,0,0,0,0,0,
39497939,1,0,1,0,0,0,
39497939,1,1,0,1,0,1,
39497939,0,0,0,1,1,0,
39497939,1,0,0,0,0,0,
39497939,0,1,0,1,0,0,
39497939,0,1,0,0,1,0,
39497939,0,0,1,0,1,0,
39497939,4,1,3,0,0,1,
39497939,0,1,2,4,1,3,
39497939,0,5,0,0,1,2,
39497939,0,1,2,0,5,0,
39497939,4,2,1,0,1,2,
39497939,0,0,3,4,2,1,
39497939,2,0,0,0,0,3,
39497939,0,1,2,2,0,0,
1400247,0,0,0,0,0,0,
1400247,0,0,0,0,0,0,
1400247,0,0,0,0,0,0,
1400247,0,0,0,0,0,0,
1400247,1,1,1,0,0,0,
1400247,0,0,0,1,1,1,
1400247,0,0,0,0,0,0,
1400247,0,0,0,0,0,0,
1400247,2,1,0,0,0,0,
1400247,0,0,0,2,1,0,
1400247,0,0,2,0,0,0,
1400247,0,0,0,0,0,2,
1400247,0,0,2,0,0,0,
1400247,0,0,0,0,0,2,
1400247,0,0,0,0,0,0,
1400247,0,0,0,0,0,0,
1400247,0,0,0,0,0,0,
1400247,0,0,0,0,0,0,
1400247,0,0,0,0,0,0,
1400247,0,1,0,0,0,0,
1400247,0,0,0,0,1,0,
1400247,0,0,0,0,0,0,
1400247,0,0,0,0,0,0,
1400247,0,0,0,0,0,0,
1400247,0,0,0,0,0,0,
1400247,1,0,0,0,0,0,
1400247,0,0,0,1,0,0,
1400247,2,0,0,0,0,0,
1400247,2,1,0,2,0,0,
1400247,1,0,2,2,1,0,
1400247,1,1,11,1,0,2,
1400247,1,3,6,1,1,11,
1400247,2,0,3,1,3,6,
1400247,0,0,1,2,0,3,
1400247,0,0,0,0,0,1,
1400247,0,0,0,0,0,0,
1400247,0,0,0,0,0,0,
1400247,0,1,0,0,0,0,
1400247,0,1,0,0,1,0,
1400247,0,2,0,0,1,0,
1400247,0,0,0,0,2,0,
1400247,1,0,0,0,0,0,
1400247,0,0,1,1,0,0,
1400247,0,4,1,0,0,1,
1400247,0,0,1,0,4,1,
1400247,0,3,0,0,0,1,
1400247,1,2,0,0,3,0,
1400247,6,4,2,1,2,0,
1400247,10,10,0,6,4,2,
1400247,5,3,3,10,10,0,
1400247,0,5,3,5,3,3,
1400247,0,0,5,0,5,3,
1400247,0,14,0,0,0,5,
13346472,0,0,0,0,2,0,
13346472,0,0,0,0,0,0,
13346472,0,3,0,0,0,0,
13346472,0,0,0,0,3,0,
13346472,0,0,0,0,0,0,
13346472,0,0,0,0,0,0,
13346472,0,0,0,0,0,0,
13346472,0,1,0,0,0,0,
13346472,0,0,1,0,1,0,
13346472,0,0,0,0,0,1,
13346472,0,0,0,0,0,0,
13346472,0,0,0,0,0,0,
13346472,0,0,0,0,0,0,
13346472,0,0,0,0,0,0,
13346472,0,0,1,0,0,0,
13346472,0,0,0,0,0,1,
13346472,0,0,0,0,0,0,
13346472,0,0,0,0,0,0,
13346472,0,0,0,0,0,0,
13346472,1,0,0,0,0,0,
13346472,0,0,1,1,0,0,
13346472,0,0,2,0,0,1,
13346472,0,0,0,0,0,2,
13346472,0,0,0,0,0,0,
13346472,0,0,0,0,0,0,
34943494,0,0,1,0,0,0,
3478847,0,0,0,0,0,0,
3478847,0,0,0,0,0,0,
3478847,0,0,0,0,0,0,
3478847,0,0,1,0,0,0,
8905380,0,0,0,0,0,0,
8905380,0,0,0,0,0,0,
8905380,0,0,0,0,0,0,
8905380,0,0,0,0,0,0,
1208791,0,0,0,0,0,0,
1208791,0,0,0,0,0,0,
1208791,0,1,0,0,0,0,
1208791,0,1,0,0,1,0,
1208791,0,0,1,0,1,0,
1208791,0,0,0,0,0,1,
1208791,0,0,0,0,0,0,
1208791,0,0,0,0,0,0,
1208791,0,0,0,0,0,0,
1208791,0,0,0,0,0,0,
1208791,0,0,0,0,0,0,
1208791,0,0,0,0,0,0,
1208791,0,0,0,0,0,0,
1208791,0,0,0,0,0,0,
1208791,0,1,0,0,0,0,
5998549,0,0,0,0,0,0,
5998549,0,0,0,0,0,0,
5998549,0,0,0,0,0,0,
5998549,0,0,0,0,0,0,
5998549,0,0,0,0,0,0,
5998549,0,0,0,0,0,0,
5998549,0,1,0,0,0,0,
5998549,0,0,0,0,1,0,
58712524,0,0,0,0,0,0,
58712524,0,0,0,0,0,0,
58712524,0,0,1,0,0,0,
58712524,0,0,0,0,0,1,
58712524,0,0,0,0,0,0,
58712524,0,0,0,0,0,0,
58712524,1,0,0,0,0,0,
58712524,0,0,0,1,0,0,
58712524,0,0,0,0,0,0,
58712524,0,0,0,0,0,0,
58712524,0,1,0,0,0,0,
58712524,1,0,1,0,1,0,
58712524,1,0,0,1,0,1,
58712524,0,0,0,1,0,0,
58712524,0,0,0,0,0,0,
58712524,0,0,0,0,0,0,
58712524,0,0,1,0,0,0,
58712524,1,1,0,0,0,1,
58712524,0,2,0,1,1,0,
26490000,0,0,0,0,0,0,
26490000,0,0,0,0,0,0,
26490000,0,0,1,0,0,0,
26490000,0,0,0,0,0,1,
26490000,0,0,0,0,0,0,
26490000,1,2,0,0,0,0,
26490000,0,0,0,1,2,0,
26490000,0,0,0,0,0,0,
26490000,0,0,0,0,0,0,
26490000,0,0,0,0,0,0,
26490000,0,0,0,0,0,0,
26490000,0,1,0,0,0,0,
26490000,0,0,0,0,1,0,
62301809,0,0,0,0,0,0,
62301809,0,0,0,0,0,0,
62301809,0,0,0,0,0,0,
70544002,0,0,0,0,0,0,
21954664,0,0,0,0,0,0,
21954664,0,0,0,0,0,0,
21954664,0,0,0,0,0,0,
21954664,0,0,0,0,0,0,
21954664,0,0,0,0,0,0,
21954664,1,0,0,0,0,0,
21954664,0,0,0,1,0,0,
21954664,0,0,0,0,0,0,
21954664,0,0,1,0,0,0,
21954664,0,0,0,0,0,1,
21954664,0,1,0,0,0,0,
21954664,0,2,1,0,1,0,
21954664,0,1,0,0,2,1,
21954664,0,0,0,0,1,0,
21954664,0,0,0,0,0,0,
582622,0,0,0,0,0,0,
6055037,0,0,0,0,0,0,
6035284,0,0,0,0,0,0,
6035284,0,0,0,0,0,0,
6035284,0,0,0,0,0,0,
6035284,0,0,0,0,0,0,
6035284,0,0,0,0,0,0,
6035284,0,0,0,0,0,0,
6035284,0,0,0,0,0,0,
6035284,0,0,0,0,0,0,
405346,3,1,4,3,0,0,
405346,0,0,0,3,1,4,
405346,0,0,0,0,0,0,
405346,1,0,0,0,0,0,
405346,0,2,0,1,0,0,
405346,1,0,0,0,2,0,
405346,0,0,1,1,0,0,
405346,0,0,0,0,0,1,
405346,0,0,1,0,0,0,
405346,1,0,0,0,0,1,
2577963,0,0,0,0,0,0,
2577963,0,0,0,0,0,0,
2577963,0,0,0,0,0,0,
2577963,0,0,0,0,0,0,
51693147,0,3,0,0,0,0,
51693147,1,2,0,0,3,0,
61438563,0,0,0,0,0,0,
61438563,0,0,0,0,0,0,
61438563,0,0,0,0,0,0,
61438563,0,0,0,0,0,0,
61438563,0,4,0,0,0,0,
61438563,0,0,0,0,4,0,
61438563,0,0,0,0,0,0,
61438563,0,1,0,0,0,0,
61438563,0,0,0,0,1,0,
61438563,1,0,0,0,0,0,
61438563,1,0,0,1,0,0,
61438563,0,1,0,1,0,0,
61438563,0,0,0,0,1,0,
61438563,1,1,0,0,0,0,
61438563,0,1,0,1,1,0,
61438563,0,0,0,0,1,0,
61438563,0,0,0,0,0,0,
61438563,3,0,0,0,0,0,
61438563,0,0,0,3,0,0,
61438563,1,0,0,0,0,0,
31962564,0,1,0,0,0,0,
31962564,2,0,2,0,1,0,
31962564,0,0,0,2,0,2,
31962564,0,0,0,0,0,0,
31962564,1,1,0,0,0,0,
31962564,4,0,0,1,1,0,
31962564,0,0,0,4,0,0,
31962564,0,0,0,0,0,0,
36511035,0,2,0,0,0,0,
36511035,0,0,0,0,2,0,
12632505,0,1,0,0,0,0,
55128822,0,0,0,0,0,0,
2375438,0,0,0,0,0,0,
16749003,0,0,0,0,0,0,
16749003,0,0,0,0,0,0,
16749003,0,0,0,0,0,0,
16749003,0,0,0,0,0,0,
16749003,0,0,0,0,0,0,
16749003,0,0,0,0,0,0,
16749003,1,0,0,0,0,0,
42586848,0,0,0,0,0,0,
42586848,0,0,0,0,0,0,
42586848,0,0,0,0,0,0,
42586848,0,0,0,0,0,0,
42586848,0,0,0,0,0,0,
42586848,0,0,1,0,0,0,
42586848,1,0,0,0,0,1,
42586848,0,0,0,1,0,0,
42586848,0,0,0,0,0,0,
42586848,0,0,1,0,0,0,
42586848,0,0,0,0,0,1,
42586848,0,0,0,0,0,0,
42586848,0,0,0,0,0,0,
42586848,0,0,0,0,0,0,
42586848,0,0,0,0,0,0,
42586848,0,0,0,0,0,0,
4661021,0,0,0,0,0,0,
4661021,0,0,0,0,0,0,
4661021,0,0,0,0,0,0,
4661021,0,0,0,0,0,0,
4661021,0,0,0,0,0,0,
4661021,0,0,0,0,0,0,
4661021,0,0,0,0,0,0,
4661021,0,0,0,0,0,0,
4661021,0,0,0,0,0,0,
4661021,0,0,0,0,0,0,
4661021,0,0,0,0,0,0,
4661021,0,0,0,0,0,0,
4661021,1,1,0,0,0,0,
73549313,0,0,0,0,0,0,
73549313,0,0,0,0,0,0,
73549313,0,0,1,0,0,0,
73549313,0,0,0,0,0,1,
73549313,0,0,0,0,0,0,
73549313,1,0,0,0,0,0,
73549313,0,0,2,1,0,0,
73549313,1,0,0,0,0,2,
1447600,0,0,0,0,0,0,
1447600,0,0,0,0,0,0,
1447600,0,0,0,0,0,0,
1447600,0,0,0,0,0,0,
2358483,1,0,0,0,0,0,
2358483,0,0,0,1,0,0,
2358483,0,0,0,0,0,0,
2358483,0,0,1,0,0,0,
2358483,0,0,0,0,0,1,
2358483,0,0,1,0,0,0,
2358483,0,0,0,0,0,1,
2358483,0,1,1,0,0,0,
2358483,0,0,1,0,1,1,
2358483,3,2,0,0,0,1,
2358483,0,0,0,3,2,0,
2358483,0,0,0,0,0,0,
2358483,3,1,1,0,0,0,
2358483,1,0,1,3,1,1,
2358483,1,3,1,1,0,1,
2358483,0,0,0,1,3,1,
2358483,1,0,1,0,0,0,
2358483,1,0,2,1,0,1,
2358483,1,2,2,1,0,2,
2358483,1,0,2,1,2,2,
2358483,1,0,1,1,0,2,
2358483,0,1,5,1,0,1,
2358483,1,1,0,0,1,5,
2358483,0,1,1,1,1,0,
2358483,0,0,0,0,1,1,
2358483,1,8,0,0,0,0,
2358483,6,4,2,1,8,0,
2358483,0,1,6,6,4,2,
2358483,3,2,5,0,1,6,
2358483,0,1,2,3,2,5,
2358483,2,0,7,0,1,2,
2358483,0,1,0,2,0,7,
2358483,0,0,3,0,1,0,
2358483,0,1,0,0,0,3,
2358483,0,2,4,0,1,0,
2358483,0,1,3,0,2,4,
2358483,3,0,2,0,1,3,
2358483,1,4,2,3,0,2,
2358483,1,1,1,1,4,2,
2358483,1,1,3,1,1,1,
2358483,1,2,4,1,1,3,
2358483,5,3,0,1,2,4,
2358483,2,0,2,5,3,0,
2358483,2,0,2,2,0,2,
2358483,1,3,1,2,0,2,
2358483,2,4,1,1,3,1,
2358483,1,1,5,2,4,1,
2358483,4,6,2,1,1,5,
2358483,9,1,2,4,6,2,
2358483,1,0,3,9,1,2,
2358483,5,4,4,1,0,3,
2358483,0,2,0,5,4,4,
2358483,2,2,2,0,2,0,
2358483,1,0,0,2,2,2,
2358483,1,0,1,1,0,0,
2358483,4,0,0,1,0,1,
2358483,1,1,2,4,0,0,
2358483,0,0,0,1,1,2,
2358483,2,1,3,0,0,0,
2358483,0,5,0,2,1,3,
2358483,2,2,0,0,5,0,
2358483,6,2,5,2,2,0,
2358483,3,3,6,6,2,5,
2358483,1,6,0,3,3,6,
2358483,2,3,5,1,6,0,
2358483,2,1,10,2,3,5,
2358483,1,0,3,2,1,10,
2358483,1,3,2,1,0,3,
7021552,0,0,0,0,0,0,
1117597,0,0,0,0,0,0,
1117597,0,0,0,0,0,0,
1117597,0,0,1,0,0,0,
1117597,0,0,0,0,0,1,
1117597,0,0,0,0,0,0,
1117597,0,0,0,0,0,0,
1117597,0,0,0,0,0,0,
1117597,0,0,2,0,0,0,
1117597,1,0,0,0,0,2,
1117597,1,0,0,1,0,0,
1117597,1,0,0,1,0,0,
1117597,0,1,0,1,0,0,
1117597,0,0,0,0,1,0,
1117597,0,1,0,0,0,0,
1117597,0,1,0,0,1,0,
1117597,0,1,0,0,1,0,
1117597,0,1,0,0,1,0,
1117597,0,0,1,0,1,0,
1117597,2,1,0,0,0,1,
1117597,2,2,0,2,1,0,
1117597,0,1,0,2,2,0,
1117597,0,0,0,0,1,0,
1117597,0,0,0,0,0,0,
1117597,0,1,0,0,0,0,
1117597,0,0,1,0,1,0,
1117597,0,0,0,0,0,1,
1117597,0,1,0,0,0,0,
1117597,0,0,0,0,1,0,
1117597,2,0,1,0,0,0,
20148872,0,0,0,0,1,0,
47534937,0,0,0,0,0,0,
33237569,0,0,0,0,0,0,
33237569,0,0,0,0,0,0,
33237569,0,0,0,0,0,0,
33237569,1,0,0,0,0,0,
33237569,0,0,0,1,0,0,
33237569,0,0,0,0,0,0,
33237569,0,0,0,0,0,0,
33237569,0,0,0,0,0,0,
33237569,0,0,0,0,0,0,
33237569,0,0,0,0,0,0,
33237569,0,0,0,0,0,0,
33237569,0,0,0,0,0,0,
33237569,0,1,0,0,0,0,
33237569,0,1,0,0,1,0,
33237569,0,0,0,0,1,0,
33237569,0,0,0,0,0,0,
33237569,0,0,0,0,0,0,
33237569,0,0,1,0,0,0,
33237569,0,0,0,0,0,1,
33237569,0,0,1,0,0,0,
33237569,0,0,0,0,0,1,
33237569,0,0,0,0,0,0,
33237569,0,0,0,0,0,0,
33237569,0,0,0,0,0,0,
33237569,0,0,0,0,0,0,
33237569,1,0,0,0,0,0,
33237569,0,0,0,1,0,0,
33237569,2,0,0,0,0,0,
33237569,0,0,0,2,0,0,
33237569,0,0,0,0,0,0,
33237569,0,0,0,0,0,0,
33237569,1,1,0,0,0,0,
33237569,1,0,0,1,1,0,
33237569,1,0,1,1,0,0,
33237569,0,1,0,1,0,1,
33237569,0,0,0,0,1,0,
33237569,0,2,0,0,0,0,
33237569,0,0,1,0,2,0,
33237569,0,1,1,0,0,1,
33237569,0,0,0,0,1,1,
33237569,0,0,0,0,0,0,
33237569,1,0,0,0,0,0,
33237569,0,0,0,1,0,0,
33237569,0,1,0,0,0,0,
33237569,0,0,1,0,1,0,
33237569,0,0,0,0,0,1,
33237569,2,1,2,0,0,0,
33237569,0,0,2,2,1,2,
33237569,0,0,0,0,0,2,
33237569,2,0,0,0,0,0,
33237569,0,0,0,2,0,0,
33237569,0,1,3,0,0,0,
33237569,2,0,1,0,1,3,
33237569,0,2,0,2,0,1,
33237569,2,4,1,0,2,0,
33237569,2,1,2,2,4,1,
33237569,1,0,0,2,1,2,
33237569,3,1,0,1,0,0,
33237569,3,3,2,3,1,0,
33237569,2,1,2,3,3,2,
33237569,0,2,1,2,1,2,
33237569,0,0,0,0,2,1,
33237569,0,0,0,0,0,0,
33237569,0,0,0,0,0,0,
33237569,0,0,0,0,0,0,
33237569,0,0,0,0,0,0,
33237569,0,0,1,0,0,0,
33237569,0,1,0,0,0,1,
33237569,0,0,0,0,1,0,
33237569,0,1,1,0,0,0,
33237569,1,1,1,0,1,1,
33237569,2,2,3,1,1,1,
33237569,1,1,2,2,2,3,
33237569,1,2,1,1,1,2,
33237569,0,2,0,1,2,1,
33237569,0,3,0,0,2,0,
33237569,0,0,0,0,3,0,
33237569,1,0,1,0,0,0,
39497902,1,2,1,10,1,2,
39497902,0,5,4,1,2,1,
39497902,3,0,0,0,5,4,
39497902,0,2,2,3,0,0,
39497902,2,1,1,0,2,2,
39497902,2,2,0,2,1,1,
39497902,1,0,0,2,2,0,
39497902,1,1,1,1,0,0,
39497902,1,3,0,1,1,1,
39497902,3,3,1,1,3,0,
39497902,0,1,0,3,3,1,
39497902,1,4,1,0,1,0,
39497902,0,1,1,1,4,1,
39497902,0,0,0,0,1,1,
39497902,0,0,2,0,0,0,
39497902,0,0,1,0,0,2,
39497902,0,1,1,0,0,1,
39497902,7,1,5,0,1,1,
39497902,0,2,3,7,1,5,
39497902,0,1,0,0,2,3,
39497902,1,0,2,0,1,0,
39497902,2,7,1,1,0,2,
39497902,1,0,0,2,7,1,
39497902,1,1,0,1,0,0,
39497902,0,0,0,1,1,0,
39497902,0,5,0,0,0,0,
39497902,0,0,0,0,5,0,
39497902,0,0,0,0,0,0,
39497902,0,1,0,0,0,0,
39497902,1,1,0,0,1,0,
39497902,0,0,2,1,1,0,
39497902,0,0,0,0,0,2,
39497902,1,0,1,0,0,0,
39497902,1,1,0,1,0,1,
39497902,1,2,3,1,1,0,
39497902,0,0,2,1,2,3,
39497902,0,0,1,0,0,2,
39497902,0,1,2,0,0,1,
39497902,1,0,1,0,1,2,
39497902,0,3,1,1,0,1,
39497902,2,0,0,0,3,1,
39497902,1,0,0,2,0,0,
39497902,1,2,3,1,0,0,
39497902,3,1,0,1,2,3,
39497902,3,0,1,3,1,0,
39497902,3,0,0,3,0,1,
39497902,0,0,2,3,0,0,
39497902,1,0,0,0,0,2,
39497902,0,0,0,1,0,0,
39497902,1,1,1,0,0,0,
39497902,3,0,2,1,1,1,
39497902,2,0,0,3,0,2,
39497902,1,3,2,2,0,0,
39497902,2,0,0,1,3,2,
39497902,0,0,0,2,0,0,
39497902,1,4,0,0,0,0,
39497902,2,0,5,1,4,0,
39497902,2,4,5,2,0,5,
39497902,1,0,0,2,4,5,
39497902,0,3,1,1,0,0,
39497902,2,1,0,0,3,1,
39497902,5,2,4,2,1,0,
39497902,1,0,3,5,2,4,
39497902,3,3,0,1,0,3,
39497902,1,0,5,3,3,0,
39497902,1,3,0,1,0,5,
39497902,1,3,2,1,3,0,
39497902,0,3,0,1,3,2,
39497902,3,1,1,0,3,0,
39497902,1,1,4,3,1,1,
39497902,1,2,4,1,1,4,
39497902,1,4,0,1,2,4,
39497902,5,1,0,1,4,0,
39497902,0,1,2,5,1,0,
39497902,4,4,3,0,1,2,
39497902,2,0,2,4,4,3,
39497902,0,1,0,2,0,2,
4411489,0,0,0,0,0,0,
4411489,0,0,0,0,0,0,
4411489,0,0,0,0,0,0,
4411489,0,0,0,0,0,0,
4411489,0,0,0,0,0,0,
4411489,0,0,0,0,0,0,
4411489,0,0,0,0,0,0,
4411489,0,0,0,0,0,0,
4411489,0,0,0,0,0,0,
4411489,0,0,0,0,0,0,
4411489,0,0,0,0,0,0,
4411489,0,0,0,0,0,0,
4411489,0,0,0,0,0,0,
4411489,0,0,0,0,0,0,
4411489,0,0,0,0,0,0,
4411489,0,1,0,0,0,0,
4411489,0,1,1,0,1,0,
4411489,0,0,0,0,1,1,
4411489,0,0,0,0,0,0,
4411489,1,0,0,0,0,0,
4411489,2,0,0,1,0,0,
4411489,0,2,0,2,0,0,
4411489,0,1,0,0,2,0,
4411489,1,1,0,0,1,0,
4411489,0,1,1,1,1,0,
4411489,0,0,0,0,1,1,
4411489,0,0,0,0,0,0,
4411489,0,0,0,0,0,0,
4411489,0,0,0,0,0,0,
4411489,0,0,0,0,0,0,
4411489,0,0,0,0,0,0,
4411489,0,0,0,0,0,0,
4411489,0,0,0,0,0,0,
4411489,0,0,0,0,0,0,
4411489,0,0,0,0,0,0,
4411489,0,0,0,0,0,0,
4411489,0,0,1,0,0,0,
4411489,0,0,0,0,0,1,
4411489,0,0,0,0,0,0,
4411489,0,0,0,0,0,0,
4411489,3,0,2,0,0,0,
4411489,0,0,1,3,0,2,
4411489,0,0,1,0,0,1,
4411489,0,0,0,0,0,1,
4411489,0,0,0,0,0,0,
4411489,0,0,0,0,0,0,
4411489,0,0,0,0,0,0,
4411489,3,0,0,0,0,0,
4411489,0,0,0,3,0,0,
4411489,0,0,0,0,0,0,
4411489,2,2,1,0,0,0,
4411489,0,0,2,2,2,1,
4411489,0,6,0,0,0,2,
4411489,1,1,3,0,6,0,
4411489,1,0,0,1,1,3,
4411489,2,2,0,1,0,0,
4411489,0,0,2,2,2,0,
4411489,0,0,0,0,0,2,
4411489,0,0,0,0,0,0,
4411489,0,0,0,0,0,0,
4411489,0,0,1,0,0,0,
17039389,2,2,2,5,1,0,
17039389,9,6,3,2,2,2,
17039389,5,9,11,9,6,3,
17039389,9,3,12,5,9,11,
17039389,7,5,1,9,3,12,
17039389,9,4,2,7,5,1,
17039389,4,3,5,9,4,2,
17039389,9,5,1,4,3,5,
17039389,0,1,4,9,5,1,
17039389,6,7,3,0,1,4,
17039389,1,3,7,6,7,3,
17039389,0,1,0,1,3,7,
17039389,2,1,3,0,1,0,
17039389,3,4,6,2,1,3,
17039389,7,1,6,3,4,6,
17039389,3,2,0,7,1,6,
17039389,2,2,3,3,2,0,
17039389,2,13,2,2,2,3,
17039389,10,12,12,2,13,2,
17039389,2,3,7,10,12,12,
17039389,3,5,9,2,3,7,
17039389,5,5,2,3,5,9,
17039389,2,4,11,5,5,2,
17039389,1,0,2,2,4,11,
17039389,4,3,3,1,0,2,
17039389,0,13,3,4,3,3,
17039389,3,16,5,0,13,3,
17039389,10,10,2,3,16,5,
17039389,4,8,12,10,10,2,
17039389,4,3,5,4,8,12,
17039389,3,4,7,4,3,5,
17039389,3,0,0,3,4,7,
17039389,1,4,2,3,0,0,
17039389,0,3,5,1,4,2,
17039389,0,0,4,0,3,5,
17039389,2,0,0,0,0,4,
17039389,3,0,0,2,0,0,
17039389,2,6,3,3,0,0,
17039389,3,5,2,2,6,3,
17039389,1,1,4,3,5,2,
17039389,2,2,2,1,1,4,
17039389,1,0,0,2,2,2,
17039389,1,0,2,1,0,0,
17039389,3,0,2,1,0,2,
17039389,4,2,3,3,0,2,
17039389,1,1,5,4,2,3,
17039389,1,4,3,1,1,5,
49699333,0,0,0,0,1,0,
49699333,0,0,0,0,0,0,
49699333,0,1,0,0,0,0,
49699333,1,0,0,0,1,0,
49699333,0,1,0,1,0,0,
49699333,5,1,0,0,1,0,
49699333,0,1,0,5,1,0,
49699333,0,0,0,0,1,0,
49699333,0,0,1,0,0,0,
49699333,1,1,0,0,0,1,
49699333,0,0,0,1,1,0,
49699333,0,0,0,0,0,0,
49699333,0,0,0,0,0,0,
49699333,0,0,0,0,0,0,
49699333,0,0,0,0,0,0,
49699333,0,0,0,0,0,0,
49699333,0,1,1,0,0,0,
49699333,0,0,0,0,1,1,
49699333,0,0,0,0,0,0,
49699333,0,1,0,0,0,0,
49699333,0,0,0,0,1,0,
49699333,0,0,0,0,0,0,
49699333,0,0,0,0,0,0,
49699333,0,0,0,0,0,0,
49699333,0,0,0,0,0,0,
49699333,0,1,0,0,0,0,
49699333,0,0,0,0,1,0,
49699333,0,0,0,0,0,0,
49699333,0,0,1,0,0,0,
49699333,0,0,0,0,0,1,
49699333,0,0,0,0,0,0,
49699333,0,0,1,0,0,0,
49699333,0,0,0,0,0,1,
49699333,0,0,0,0,0,0,
49699333,0,0,0,0,0,0,
49699333,0,0,0,0,0,0,
49699333,0,0,1,0,0,0,
49699333,0,0,0,0,0,1,
49699333,1,0,0,0,0,0,
49699333,0,0,0,1,0,0,
49699333,0,0,1,0,0,0,
49699333,1,0,0,0,0,1,
49699333,2,0,0,1,0,0,
10477073,0,0,0,1,0,0,
10477073,0,0,0,0,0,0,
10477073,0,0,0,0,0,0,
10477073,0,0,0,0,0,0,
10477073,0,0,0,0,0,0,
10477073,0,0,0,0,0,0,
10477073,0,0,0,0,0,0,
10477073,0,0,0,0,0,0,
10477073,0,0,0,0,0,0,
10477073,0,0,0,0,0,0,
10477073,0,0,0,0,0,0,
10477073,0,0,0,0,0,0,
10477073,1,0,0,0,0,0,
10477073,2,0,2,1,0,0,
10477073,0,0,0,2,0,2,
10477073,1,2,0,0,0,0,
10477073,0,0,0,1,2,0,
10477073,0,1,1,0,0,0,
10477073,1,0,0,0,1,1,
10477073,0,0,1,1,0,0,
10477073,0,0,0,0,0,1,
10477073,0,0,1,0,0,0,
10477073,0,0,0,0,0,1,
10477073,0,1,0,0,0,0,
10477073,0,0,0,0,1,0,
10477073,1,0,0,0,0,0,
10477073,0,0,1,1,0,0,
10477073,0,0,0,0,0,1,
10477073,0,0,0,0,0,0,
10477073,0,0,0,0,0,0,
10477073,0,0,0,0,0,0,
10477073,0,0,0,0,0,0,
10477073,0,3,1,0,0,0,
10477073,0,0,0,0,3,1,
10477073,0,0,1,0,0,0,
10477073,0,0,0,0,0,1,
10477073,0,2,0,0,0,0,
10477073,0,0,0,0,2,0,
10477073,0,2,1,0,0,0,
10477073,1,0,0,0,2,1,
61449322,0,0,0,8,0,4,
61449322,0,0,0,0,0,0,
61449322,0,4,0,0,0,0,
61449322,0,0,0,0,4,0,
61449322,1,6,0,0,0,0,
61449322,0,0,1,1,6,0,
61449322,2,1,0,0,0,1,
61449322,1,0,2,2,1,0,
61449322,1,0,2,1,0,2,
61449322,3,0,0,1,0,2,
61449322,0,0,0,3,0,0,
61449322,0,3,0,0,0,0,
61449322,0,2,1,0,3,0,
61449322,0,1,0,0,2,1,
61449322,2,0,6,0,1,0,
61449322,0,1,2,2,0,6,
61449322,0,1,4,0,1,2,
61449322,0,0,0,0,1,4,
61449322,1,3,0,0,0,0,
61449322,0,0,3,1,3,0,
61449322,0,0,0,0,0,3,
61449322,0,0,0,0,0,0,
61449322,0,0,0,0,0,0,
61449322,3,0,0,0,0,0,
61449322,0,0,0,3,0,0,
61449322,3,2,0,0,0,0,
61449322,0,1,1,3,2,0,
61449322,0,1,0,0,1,1,
61449322,0,3,4,0,1,0,
61449322,0,0,0,0,3,4,
61449322,0,0,0,0,0,0,
61449322,0,0,0,0,0,0,
61449322,1,1,0,0,0,0,
61449322,0,0,0,1,1,0,
61449322,3,0,0,0,0,0,
61449322,4,0,0,3,0,0,
52183359,0,0,0,0,0,0,
52183359,0,0,0,0,0,0,
52183359,0,0,0,0,0,0,
52183359,0,0,0,0,0,0,
52183359,0,0,0,0,0,0,
52183359,0,0,0,0,0,0,
52183359,0,0,0,0,0,0,
52183359,0,0,0,0,0,0,
52183359,0,0,0,0,0,0,
52183359,0,0,0,0,0,0,
52183359,0,0,0,0,0,0,
52183359,0,0,0,0,0,0,
52183359,0,0,0,0,0,0,
52183359,1,0,0,0,0,0,
52183359,0,0,0,1,0,0,
52183359,0,0,0,0,0,0,
52183359,0,0,0,0,0,0,
52183359,0,0,0,0,0,0,
52183359,0,0,0,0,0,0,
52183359,0,0,0,0,0,0,
52183359,0,0,0,0,0,0,
52183359,0,0,0,0,0,0,
52183359,0,0,0,0,0,0,
52183359,0,0,1,0,0,0,
52183359,0,0,0,0,0,1,
52183359,0,1,0,0,0,0,
52183359,1,0,0,0,1,0,
52183359,2,2,0,1,0,0,
52183359,2,0,1,2,2,0,
52183359,0,2,1,2,0,1,
52183359,0,1,4,0,2,1,
51172624,0,0,0,1,0,1,
51172624,0,0,1,0,0,0,
51172624,0,1,0,0,0,1,
51172624,0,0,0,0,1,0,
51172624,0,0,0,0,0,0,
51172624,0,1,0,0,0,0,
51172624,0,0,0,0,1,0,
51172624,0,0,0,0,0,0,
51172624,0,0,0,0,0,0,
51172624,0,0,0,0,0,0,
51172624,0,0,0,0,0,0,
51172624,0,0,0,0,0,0,
51172624,0,0,0,0,0,0,
51172624,1,1,0,0,0,0,
51172624,0,0,0,1,1,0,
51172624,0,0,0,0,0,0,
51172624,0,0,0,0,0,0,
51172624,0,0,1,0,0,0,
51172624,0,0,0,0,0,1,
51172624,0,0,0,0,0,0,
51172624,0,0,0,0,0,0,
51172624,0,1,0,0,0,0,
51172624,0,1,1,0,1,0,
51172624,0,0,0,0,1,1,
51172624,0,2,0,0,0,0,
51172624,0,0,0,0,2,0,
51172624,0,2,0,0,0,0,
51172624,0,0,0,0,2,0,
63862647,0,0,0,1,0,0,
63862647,0,0,0,0,0,0,
63862647,0,0,0,0,0,0,
63862647,0,0,0,0,0,0,
63862647,0,0,0,0,0,0,
63862647,0,1,0,0,0,0,
63862647,0,1,0,0,1,0,
63862647,0,0,0,0,1,0,
63862647,0,1,0,0,0,0,
63862647,0,0,0,0,1,0,
63862647,0,0,0,0,0,0,
63862647,0,0,0,0,0,0,
63862647,0,0,0,0,0,0,
63862647,0,0,0,0,0,0,
63862647,0,0,0,0,0,0,
63862647,0,0,0,0,0,0,
63862647,0,0,0,0,0,0,
63862647,2,0,1,0,0,0,
63862647,0,3,2,2,0,1,
63862647,0,0,1,0,3,2,
63862647,1,0,0,0,0,1,
63862647,3,0,1,1,0,0,
19235986,0,3,1,0,0,1,
19235986,0,0,1,0,3,1,
19235986,3,0,2,0,0,1,
19235986,0,1,1,3,0,2,
19235986,0,2,0,0,1,1,
19235986,1,1,0,0,2,0,
19235986,0,2,0,1,1,0,
19235986,1,0,1,0,2,0,
19235986,0,0,2,1,0,1,
19235986,3,1,1,0,0,2,
19235986,1,2,1,3,1,1,
19235986,0,0,0,1,2,1,
19235986,0,0,1,0,0,0,
19235986,1,0,2,0,0,1,
19235986,1,0,0,1,0,2,
78067366,1,0,0,2,0,0,
78067366,0,0,0,1,0,0,
78067366,0,0,0,0,0,0,
78067366,0,0,0,0,0,0,
78067366,0,0,0,0,0,0,
78067366,0,0,0,0,0,0,
78067366,0,0,0,0,0,0,
78067366,0,0,0,0,0,0,
78067366,0,0,0,0,0,0,
78067366,0,1,0,0,0,0,
78067366,0,0,0,0,1,0,
78067366,0,0,0,0,0,0,
1721873,0,2,1,0,0,0,
1721873,0,0,0,0,2,1,
1721873,0,1,1,0,0,0,
1721873,0,1,0,0,1,1,
1721873,0,0,0,0,1,0,
1721873,0,0,0,0,0,0,
1721873,0,0,0,0,0,0,
1721873,0,0,0,0,0,0,
1721873,0,0,0,0,0,0,
1721873,0,1,0,0,0,0,
1721873,1,0,0,0,1,0,
1721873,0,1,1,1,0,0,
1721873,0,0,1,0,1,1,
12258001,0,0,0,0,1,0,
12258001,0,0,0,0,0,0,
12258001,0,0,0,0,0,0,
6748505,1,0,0,0,0,0,
6748505,0,0,1,1,0,0,
6748505,0,0,0,0,0,1,
6748505,0,0,0,0,0,0,
6748505,0,0,1,0,0,0,
6748505,0,0,0,0,0,1,
6748505,0,0,0,0,0,0,
18013205,0,0,0,0,0,0,
18013205,0,0,0,0,0,0,
18013205,0,0,0,0,0,0,
18013205,0,1,0,0,0,0,
5621432,0,0,0,0,0,0,
5621432,0,0,0,0,0,0,
5621432,0,0,0,0,0,0,
5621432,0,0,0,0,0,0,
5621432,0,1,0,0,0,0,
5621432,0,0,0,0,1,0,
5621432,0,0,0,0,0,0,
5621432,0,0,0,0,0,0,
1208791,0,0,0,0,0,0,
1208791,0,0,0,0,0,0,
1208791,0,0,0,0,0,0,
1208791,0,0,0,0,0,0,
1208791,0,0,0,0,0,0,
1208791,1,0,0,0,0,0,
3833456,0,0,0,0,0,0,
3833456,0,0,0,0,0,0,
5893101,0,0,0,0,0,0,
5893101,0,0,0,0,0,0,
36420198,0,0,0,0,0,0,
36420198,2,0,0,0,0,0,
41898282,0,0,0,0,0,0,
41898282,0,0,0,0,0,0,
39283302,0,1,0,0,0,0,
