user id,start day,end day,days,is_churner,
5678139,2021-11-10,2021-11-10,0,1,
9280932,2021-11-10,2021-11-10,0,1,
7439466,2021-11-10,2021-11-10,0,1,
9018812,2021-11-10,2021-11-10,0,1,
7723987,2021-11-10,2021-11-10,0,1,
5133233,2021-11-10,2021-11-10,0,1,
9676334,2021-11-10,2021-11-10,0,1,
7682665,2021-11-10,2021-11-10,0,1,
5020368,2021-11-10,2021-11-10,0,1,
1848181,2021-11-10,2021-11-10,0,1,
8035517,2021-11-10,2021-11-10,0,1,
6506235,2021-11-10,2021-11-10,0,1,
9308900,2021-11-10,2021-11-10,0,1,
5421582,2021-11-10,2021-11-10,0,1,
9728453,2021-11-10,2021-11-10,0,1,
7914510,2021-11-10,2021-11-10,0,1,
1623851,2021-11-10,2021-11-10,0,1,
8061328,2021-11-10,2021-11-10,0,1,
7479477,2021-11-10,2021-11-10,0,1,
2049741,2021-11-10,2021-11-10,0,1,
9379373,2021-11-10,2021-11-10,0,1,
8343577,2021-11-10,2021-11-10,0,1,
9189440,2021-11-10,2021-11-10,0,1,
6584698,2021-11-10,2021-11-10,0,1,
6557691,2021-11-10,2021-11-10,0,1,
9368840,2021-11-10,2021-11-10,0,1,
9778383,2021-11-10,2021-11-10,0,1,
7414546,2021-11-10,2021-11-10,0,1,
9817145,2021-11-10,2021-11-10,0,1,
9748361,2021-11-10,2021-11-10,0,1,
8855970,2021-11-10,2021-11-10,0,1,
2652588,2021-11-10,2021-11-10,0,1,
7546068,2021-11-10,2021-11-17,7,1,
8522369,2021-11-10,2021-11-17,7,1,
9840239,2021-11-10,2021-11-17,7,1,
8520026,2021-11-10,2021-11-17,7,1,
7776907,2021-11-10,2021-11-17,7,1,
7725481,2021-11-10,2021-11-17,7,1,
9857893,2021-11-10,2021-11-17,7,1,
8234835,2021-11-10,2021-11-17,7,1,
9255474,2021-11-10,2021-11-17,7,1,
10010720,2021-11-17,2021-11-17,0,1,
7808654,2021-11-17,2021-11-17,0,1,
8060245,2021-11-17,2021-11-17,0,1,
8382050,2021-11-17,2021-11-17,0,1,
8496804,2021-11-17,2021-11-17,0,1,
8229552,2021-11-17,2021-11-17,0,1,
8276038,2021-11-17,2021-11-17,0,1,
9654312,2021-11-17,2021-11-17,0,1,
7675206,2021-11-17,2021-11-17,0,1,
9908558,2021-11-17,2021-11-17,0,1,
8195328,2021-11-17,2021-11-17,0,1,
9887048,2021-11-17,2021-11-17,0,1,
9278166,2021-11-17,2021-11-17,0,1,
9554792,2021-11-17,2021-11-17,0,1,
7918330,2021-11-17,2021-11-17,0,1,
7915074,2021-11-17,2021-11-17,0,1,
9772441,2021-11-17,2021-11-17,0,1,
7424727,2021-11-17,2021-11-17,0,1,
8252583,2021-11-17,2021-11-17,0,1,
7847105,2021-11-17,2021-11-17,0,1,
9320285,2021-11-17,2021-11-17,0,1,
9882758,2021-11-17,2021-11-17,0,1,
7533712,2021-11-17,2021-11-17,0,1,
7556161,2021-11-17,2021-11-17,0,1,
8461921,2021-11-17,2021-11-17,0,1,
7848440,2021-11-17,2021-11-17,0,1,
8811206,2021-11-17,2021-11-17,0,1,
9541389,2021-11-17,2021-11-17,0,1,
7834060,2021-11-17,2021-11-17,0,1,
9043964,2021-11-17,2021-11-17,0,1,
8071861,2021-11-10,2021-11-24,14,1,
5567802,2021-11-10,2021-11-24,14,1,
6575663,2021-11-10,2021-11-24,14,1,
8869053,2021-11-10,2021-11-24,14,1,
8859122,2021-11-10,2021-11-24,14,1,
9148157,2021-11-10,2021-11-24,14,1,
2064272,2021-11-10,2021-11-24,14,1,
8697274,2021-11-17,2021-11-24,7,1,
7402817,2021-11-17,2021-11-24,7,1,
9996129,2021-11-17,2021-11-24,7,1,
9547284,2021-11-17,2021-11-24,7,1,
8810139,2021-11-17,2021-11-24,7,1,
9857693,2021-11-17,2021-11-24,7,1,
10040269,2021-11-24,2021-11-24,0,1,
10050139,2021-11-24,2021-11-24,0,1,
8741178,2021-11-24,2021-11-24,0,1,
7350758,2021-11-24,2021-11-24,0,1,
6584629,2021-11-24,2021-11-24,0,1,
9043766,2021-11-24,2021-11-24,0,1,
6560207,2021-11-24,2021-11-24,0,1,
7907296,2021-11-24,2021-11-24,0,1,
7345417,2021-11-24,2021-11-24,0,1,
9463580,2021-11-24,2021-11-24,0,1,
1925853,2021-11-24,2021-11-24,0,1,
9879335,2021-11-24,2021-11-24,0,1,
9909871,2021-11-24,2021-11-24,0,1,
7825995,2021-11-10,2021-12-01,21,1,
8979899,2021-11-10,2021-12-01,21,1,
7448087,2021-11-10,2021-12-01,21,1,
8681307,2021-11-10,2021-12-01,21,1,
4914368,2021-11-10,2021-12-01,21,1,
7352110,2021-11-10,2021-12-01,21,1,
4915489,2021-11-10,2021-12-01,21,1,
6584630,2021-11-17,2021-12-01,14,1,
9344273,2021-11-17,2021-12-01,14,1,
7685400,2021-11-24,2021-12-01,7,1,
6527654,2021-11-24,2021-12-01,7,1,
7861311,2021-11-24,2021-12-01,7,1,
9745283,2021-11-24,2021-12-01,7,1,
9655423,2021-12-01,2021-12-01,0,1,
9576857,2021-12-01,2021-12-01,0,1,
7771048,2021-12-01,2021-12-01,0,1,
1214196,2021-12-01,2021-12-01,0,1,
7635552,2021-12-01,2021-12-01,0,1,
5564361,2021-12-01,2021-12-01,0,1,
8984074,2021-12-01,2021-12-01,0,1,
8391060,2021-12-01,2021-12-01,0,1,
7985992,2021-12-01,2021-12-01,0,1,
8870350,2021-12-01,2021-12-01,0,1,
7996285,2021-12-01,2021-12-01,0,1,
7629432,2021-12-01,2021-12-01,0,1,
5649610,2021-12-01,2021-12-01,0,1,
7865645,2021-12-01,2021-12-01,0,1,
8379463,2021-12-01,2021-12-01,0,1,
2191779,2021-12-01,2021-12-01,0,1,
9533525,2021-12-01,2021-12-01,0,1,
5076247,2021-12-01,2021-12-01,0,1,
8640980,2021-12-01,2021-12-01,0,1,
6575416,2021-11-10,2021-12-08,28,1,
7500020,2021-11-10,2021-12-08,28,1,
9519548,2021-11-10,2021-12-08,28,1,
8249552,2021-11-10,2021-12-08,28,1,
8950655,2021-11-17,2021-12-08,21,1,
7922356,2021-11-17,2021-12-08,21,1,
7711582,2021-11-17,2021-12-08,21,1,
9930693,2021-11-17,2021-12-08,21,1,
4990114,2021-11-24,2021-12-08,14,1,
9653381,2021-11-24,2021-12-08,14,1,
1523670,2021-12-01,2021-12-08,7,1,
10091716,2021-12-01,2021-12-08,7,1,
8581263,2021-12-01,2021-12-08,7,1,
2090021,2021-12-08,2021-12-08,0,1,
8823763,2021-12-08,2021-12-08,0,1,
7963367,2021-12-08,2021-12-08,0,1,
10114631,2021-12-08,2021-12-08,0,1,
6574793,2021-12-08,2021-12-08,0,1,
6572694,2021-12-08,2021-12-08,0,1,
5532838,2021-12-08,2021-12-08,0,1,
8456285,2021-12-08,2021-12-08,0,1,
7553946,2021-12-08,2021-12-08,0,1,
10116773,2021-12-08,2021-12-08,0,1,
7398139,2021-12-08,2021-12-08,0,1,
7866725,2021-12-08,2021-12-08,0,1,
8532515,2021-12-08,2021-12-08,0,1,
8758062,2021-12-08,2021-12-08,0,1,
6584731,2021-12-08,2021-12-08,0,1,
7479115,2021-12-08,2021-12-08,0,1,
7913474,2021-12-08,2021-12-08,0,1,
9184216,2021-12-08,2021-12-08,0,1,
7806307,2021-11-10,2021-12-15,35,1,
9378170,2021-11-10,2021-12-15,35,1,
9847742,2021-11-17,2021-12-15,28,1,
7379786,2021-11-17,2021-12-15,28,1,
9942341,2021-11-24,2021-12-15,21,1,
1406198,2021-12-08,2021-12-15,7,1,
9445283,2021-12-15,2021-12-15,0,1,
7960583,2021-12-15,2021-12-15,0,1,
9379335,2021-12-15,2021-12-15,0,1,
8434881,2021-12-15,2021-12-15,0,1,
10180180,2021-12-15,2021-12-15,0,1,
7751331,2021-12-15,2021-12-15,0,1,
10173070,2021-12-15,2021-12-15,0,1,
6558083,2021-12-15,2021-12-15,0,1,
9897380,2021-12-15,2021-12-15,0,1,
5261779,2021-12-15,2021-12-15,0,1,
10165506,2021-12-15,2021-12-15,0,1,
8790129,2021-12-15,2021-12-15,0,1,
7432416,2021-12-15,2021-12-15,0,1,
1639644,2021-12-15,2021-12-15,0,1,
9186205,2021-11-10,2021-12-22,42,1,
7566764,2021-11-10,2021-12-22,42,1,
7791832,2021-11-10,2021-12-22,42,1,
8266107,2021-11-10,2021-12-22,42,1,
8735357,2021-11-17,2021-12-22,35,1,
9195891,2021-11-17,2021-12-22,35,1,
9697643,2021-11-17,2021-12-22,35,1,
9701765,2021-11-17,2021-12-22,35,1,
9740087,2021-11-17,2021-12-22,35,1,
7342651,2021-11-24,2021-12-22,28,1,
9861537,2021-11-24,2021-12-22,28,1,
9937932,2021-11-24,2021-12-22,28,1,
5320700,2021-12-01,2021-12-22,21,1,
9978576,2021-12-01,2021-12-22,21,1,
6579593,2021-12-01,2021-12-22,21,1,
9924229,2021-12-01,2021-12-22,21,1,
5719653,2021-12-08,2021-12-22,14,1,
5229366,2021-12-08,2021-12-22,14,1,
9157581,2021-12-15,2021-12-22,7,1,
7540718,2021-12-22,2021-12-22,0,1,
10190281,2021-12-22,2021-12-22,0,1,
1366298,2021-12-22,2021-12-22,0,1,
8692860,2021-12-22,2021-12-22,0,1,
9405762,2021-12-22,2021-12-22,0,1,
9783618,2021-12-22,2021-12-22,0,1,
7836106,2021-12-22,2021-12-22,0,1,
2341012,2021-11-10,2021-12-29,49,1,
8056451,2021-11-10,2021-12-29,49,1,
8426647,2021-11-10,2021-12-29,49,1,
9590027,2021-11-10,2021-12-29,49,1,
7360930,2021-11-10,2021-12-29,49,1,
9180338,2021-11-10,2021-12-29,49,1,
7398781,2021-11-10,2021-12-29,49,1,
9067435,2021-11-10,2021-12-29,49,1,
2084656,2021-11-10,2021-12-29,49,1,
7404692,2021-11-17,2021-12-29,42,1,
9832910,2021-11-17,2021-12-29,42,1,
9087898,2021-11-24,2021-12-29,35,1,
7905077,2021-11-24,2021-12-29,35,1,
9961227,2021-12-01,2021-12-29,28,1,
8959386,2021-12-15,2021-12-29,14,1,
5622121,2021-12-22,2021-12-29,7,1,
8713195,2021-12-22,2021-12-29,7,1,
10210508,2021-12-29,2021-12-29,0,1,
10230439,2021-12-29,2021-12-29,0,1,
923381,2021-12-29,2021-12-29,0,1,
10055154,2021-12-29,2021-12-29,0,1,
8051247,2021-12-29,2021-12-29,0,1,
9414572,2021-12-29,2021-12-29,0,1,
6561598,2021-12-29,2021-12-29,0,1,
8356034,2021-12-29,2021-12-29,0,1,
10143003,2021-12-29,2021-12-29,0,1,
9698239,2021-12-29,2021-12-29,0,1,
6514298,2021-12-29,2021-12-29,0,1,
7941913,2021-12-29,2021-12-29,0,1,
5596667,2021-11-10,2022-01-05,56,1,
7875425,2021-11-10,2022-01-05,56,1,
9463502,2021-11-10,2022-01-05,56,1,
9701809,2021-11-10,2022-01-05,56,1,
7888370,2021-11-17,2022-01-05,49,1,
9505781,2021-11-17,2022-01-05,49,1,
6576028,2021-12-01,2022-01-05,35,1,
9745775,2021-12-08,2022-01-05,28,1,
7764580,2021-12-22,2022-01-05,14,1,
7692027,2021-12-29,2022-01-05,7,1,
7907688,2021-12-29,2022-01-05,7,1,
5730589,2021-12-29,2022-01-05,7,1,
10212667,2022-01-05,2022-01-05,0,1,
8856805,2022-01-05,2022-01-05,0,1,
10002212,2022-01-05,2022-01-05,0,1,
5725495,2022-01-05,2022-01-05,0,1,
8561226,2021-11-10,2022-01-12,63,1,
9975359,2021-11-10,2022-01-12,63,1,
9248662,2021-11-10,2022-01-12,63,1,
9332077,2021-11-10,2022-01-12,63,1,
8127118,2021-11-17,2022-01-12,56,1,
5554527,2021-11-24,2022-01-12,49,1,
7745758,2021-11-24,2022-01-12,49,1,
8193135,2021-11-24,2022-01-12,49,1,
7510419,2021-12-08,2022-01-12,35,1,
6573901,2021-12-08,2022-01-12,35,1,
6559901,2021-12-22,2022-01-12,21,1,
6569250,2021-12-22,2022-01-12,21,1,
1420800,2021-12-22,2022-01-12,21,1,
10222728,2021-12-29,2022-01-12,14,1,
9523358,2021-12-29,2022-01-12,14,1,
1150122,2022-01-05,2022-01-12,7,1,
7673493,2022-01-12,2022-01-12,0,1,
9925011,2022-01-12,2022-01-12,0,1,
2087372,2022-01-12,2022-01-12,0,1,
10155116,2022-01-12,2022-01-12,0,1,
5469940,2022-01-12,2022-01-12,0,1,
7889971,2021-11-10,2022-01-19,70,1,
5555544,2021-11-10,2022-01-19,70,1,
7508424,2021-11-10,2022-01-19,70,1,
7377299,2021-12-15,2022-01-19,35,1,
9002822,2021-12-15,2022-01-19,35,1,
10222788,2021-12-29,2022-01-19,21,1,
8577255,2021-12-29,2022-01-19,21,1,
10222765,2022-01-05,2022-01-19,14,1,
9634883,2022-01-05,2022-01-19,14,1,
10253246,2022-01-05,2022-01-19,14,1,
522839,2022-01-12,2022-01-19,7,1,
2300107,2022-01-12,2022-01-19,7,1,
504922,2022-01-12,2022-01-19,7,1,
5067523,2022-01-19,2022-01-19,0,1,
9648156,2022-01-19,2022-01-19,0,1,
10118563,2022-01-19,2022-01-19,0,1,
10330232,2022-01-19,2022-01-19,0,1,
5714095,2022-01-19,2022-01-19,0,1,
8219132,2022-01-19,2022-01-19,0,1,
2355016,2022-01-19,2022-01-19,0,1,
7474112,2022-01-19,2022-01-19,0,1,
1102420,2022-01-19,2022-01-19,0,1,
10223099,2022-01-19,2022-01-19,0,1,
9941253,2022-01-19,2022-01-19,0,1,
7497830,2021-11-10,2022-01-26,77,1,
9102608,2021-11-10,2022-01-26,77,1,
5252961,2021-12-01,2022-01-26,56,1,
4792931,2021-12-01,2022-01-26,56,1,
4986312,2021-12-22,2022-01-26,35,1,
9823559,2022-01-05,2022-01-26,21,1,
10293547,2022-01-12,2022-01-26,14,1,
9531974,2022-01-19,2022-01-26,7,1,
7835549,2022-01-19,2022-01-26,7,1,
8697790,2022-01-26,2022-01-26,0,1,
7540682,2022-01-26,2022-01-26,0,1,
9880624,2022-01-26,2022-01-26,0,1,
5745011,2022-01-26,2022-01-26,0,1,
8010500,2022-01-26,2022-01-26,0,1,
7535773,2021-11-10,2022-02-02,84,1,
9377937,2021-11-17,2022-02-02,77,1,
8906410,2021-11-17,2022-02-02,77,1,
8770380,2021-11-24,2022-02-02,70,1,
7657518,2021-12-22,2022-02-02,42,1,
8241468,2021-12-22,2022-02-02,42,1,
9659650,2021-12-29,2022-02-02,35,1,
7378900,2022-01-05,2022-02-02,28,1,
10108155,2022-01-05,2022-02-02,28,1,
5263564,2022-01-12,2022-02-02,21,1,
5468415,2022-01-26,2022-02-02,7,1,
8696100,2022-01-26,2022-02-02,7,1,
10045671,2022-02-02,2022-02-02,0,1,
5359594,2022-02-02,2022-02-02,0,1,
405757,2022-02-02,2022-02-02,0,1,
7373985,2022-02-02,2022-02-02,0,1,
9031823,2021-11-10,2022-02-09,91,1,
7716582,2021-11-10,2022-02-09,91,1,
8090128,2022-02-09,2022-02-09,0,1,
7929819,2021-11-10,2022-02-16,98,1,
9597902,2021-11-10,2022-02-16,98,1,
7854183,2021-11-17,2022-02-16,91,1,
5175410,2021-12-22,2022-02-16,56,1,
7777320,2022-01-19,2022-02-16,28,1,
9017080,2022-02-16,2022-02-16,0,1,
6575301,2021-11-10,2022-02-23,105,1,
7342587,2021-11-24,2022-02-23,91,1,
7421187,2021-12-08,2022-02-23,77,1,
10126683,2021-12-15,2022-02-23,70,1,
9655849,2021-12-15,2022-02-23,70,1,
8725359,2021-12-15,2022-02-23,70,1,
8238511,2021-12-15,2022-02-23,70,1,
5744308,2022-01-19,2022-02-23,35,1,
611242,2022-02-02,2022-02-23,21,1,
5233092,2022-02-16,2022-02-23,7,1,
7401379,2022-02-23,2022-02-23,0,1,
6579652,2022-02-23,2022-02-23,0,1,
9363194,2022-02-23,2022-02-23,0,1,
10284389,2022-02-23,2022-02-23,0,1,
8393862,2022-02-23,2022-02-23,0,1,
7457460,2021-11-17,2022-03-02,105,1,
7816432,2021-11-17,2022-03-02,105,1,
7541093,2021-11-17,2022-03-02,105,1,
7753630,2021-12-29,2022-03-02,63,1,
78977,2022-02-16,2022-03-02,14,1,
5130110,2022-02-16,2022-03-02,14,1,
9035583,2022-02-23,2022-03-02,7,1,
9725359,2022-03-02,2022-03-02,0,1,
10294703,2022-03-02,2022-03-02,0,1,
10494122,2022-03-02,2022-03-02,0,1,
1695612,2022-03-02,2022-03-02,0,1,
9044130,2022-03-02,2022-03-02,0,1,
8287692,2022-03-02,2022-03-02,0,1,
5280992,2021-11-03,2022-06-01,210,0,
6574850,2021-11-03,2022-06-01,210,0,
6575400,2021-11-03,2022-06-01,210,0,
5655454,2021-11-03,2022-06-01,210,0,
5719707,2021-11-03,2022-06-01,210,0,
9779225,2021-11-03,2022-05-25,203,0,
6510899,2021-11-03,2022-06-01,210,0,
7944354,2021-11-03,2022-06-08,217,0,
8616534,2021-11-03,2022-06-08,217,0,
9247710,2021-11-03,2022-04-27,175,0,
7981361,2021-11-03,2022-05-25,203,0,
9937101,2021-11-03,2022-06-01,210,0,
6584707,2021-11-03,2022-06-01,210,0,
6567682,2021-11-03,2022-05-11,189,0,
9161602,2021-11-03,2022-06-01,210,0,
7945833,2021-11-03,2022-05-18,196,0,
7902876,2021-11-03,2022-05-18,196,0,
6578529,2021-11-03,2022-06-01,210,0,
6575152,2021-11-03,2022-06-08,217,0,
6579668,2021-11-03,2022-04-06,154,0,
9067416,2021-11-03,2022-04-27,175,0,
7342122,2021-11-03,2022-06-01,210,0,
7830176,2021-11-03,2022-05-25,203,0,
6576637,2021-11-03,2022-05-11,189,0,
6576996,2021-11-03,2022-05-18,196,0,
6574948,2021-11-03,2022-06-01,210,0,
7663402,2021-11-03,2022-06-01,210,0,
7501862,2021-11-03,2022-06-01,210,0,
6584634,2021-11-03,2022-06-01,210,0,
6575291,2021-11-03,2022-06-01,210,0,
6575280,2021-11-03,2022-06-01,210,0,
7718575,2021-11-03,2022-06-08,217,0,
6575161,2021-11-03,2022-06-01,210,0,
7379189,2021-11-03,2022-06-01,210,0,
7345960,2021-11-03,2022-04-13,161,0,
9566522,2021-11-03,2022-06-08,217,0,
6561470,2021-11-03,2022-06-01,210,0,
9453007,2021-11-03,2022-06-01,210,0,
6574854,2021-11-03,2022-06-01,210,0,
5644189,2021-11-03,2022-05-25,203,0,
6575381,2021-11-03,2022-06-08,217,0,
7421487,2021-11-03,2022-06-01,210,0,
6517837,2021-11-03,2022-06-01,210,0,
6518142,2021-11-03,2022-06-01,210,0,
6560352,2021-11-03,2022-04-06,154,0,
7672178,2021-11-03,2022-05-25,203,0,
5518576,2021-11-03,2022-05-25,203,0,
6580807,2021-11-03,2022-06-01,210,0,
6584610,2021-11-03,2022-04-13,161,0,
8301019,2021-11-03,2022-05-25,203,0,
6569326,2021-11-03,2022-06-01,210,0,
7366767,2021-11-03,2022-06-01,210,0,
6557666,2021-11-03,2022-05-04,182,0,
5133342,2021-11-03,2022-05-25,203,0,
7456437,2021-11-03,2022-06-01,210,0,
6560119,2021-11-03,2022-04-06,154,0,
7347367,2021-11-03,2022-05-18,196,0,
7541106,2021-11-03,2022-04-27,175,0,
6521784,2021-11-03,2022-06-01,210,0,
6574899,2021-11-03,2022-06-01,210,0,
7379080,2021-11-03,2022-06-01,210,0,
8563134,2021-11-03,2022-06-01,210,0,
6574983,2021-11-03,2022-05-18,196,0,
9044888,2021-11-03,2022-06-08,217,0,
7511764,2021-11-03,2022-04-13,161,0,
6575353,2021-11-03,2022-06-01,210,0,
6538377,2021-11-03,2022-06-01,210,0,
6575338,2021-11-03,2022-05-25,203,0,
9435639,2021-11-03,2022-05-25,203,0,
6570671,2021-11-03,2022-06-01,210,0,
8204759,2021-11-03,2022-06-01,210,0,
9286080,2021-11-03,2022-06-01,210,0,
6575151,2021-11-03,2022-06-01,210,0,
6517938,2021-11-03,2022-06-01,210,0,
9540028,2021-11-03,2022-06-01,210,0,
6566965,2021-11-03,2022-03-23,140,0,
8082626,2021-11-03,2022-06-08,217,0,
8784964,2021-11-03,2022-06-01,210,0,
7951240,2021-11-03,2022-06-08,217,0,
8108889,2021-11-03,2022-05-25,203,0,
9188939,2021-11-03,2022-04-13,161,0,
6575384,2021-11-03,2022-06-08,217,0,
7353920,2021-11-03,2022-06-01,210,0,
9238102,2021-11-03,2022-03-23,140,0,
9031361,2021-11-03,2022-04-13,161,0,
9591123,2021-11-03,2022-05-18,196,0,
7533109,2021-11-03,2022-05-25,203,0,
6575241,2021-11-03,2022-06-01,210,0,
7356746,2021-11-03,2022-06-01,210,0,
7512942,2021-11-03,2022-05-25,203,0,
1009459,2021-11-03,2022-06-01,210,0,
8713245,2021-11-03,2022-05-25,203,0,
7839909,2021-11-03,2022-06-01,210,0,
6575112,2021-11-03,2022-06-08,217,0,
7353927,2021-11-03,2022-06-01,210,0,
9043660,2021-11-03,2022-06-01,210,0,
6570554,2021-11-03,2022-06-08,217,0,
4963929,2021-11-03,2022-05-25,203,0,
7916874,2021-11-03,2022-04-06,154,0,
7762098,2021-11-03,2022-06-01,210,0,
9755411,2021-11-03,2022-04-20,168,0,
366785,2021-11-03,2022-06-01,210,0,
7809074,2021-11-03,2022-05-25,203,0,
7353894,2021-11-03,2022-06-01,210,0,
6517851,2021-11-03,2022-06-01,210,0,
7347217,2021-11-03,2022-06-01,210,0,
6560296,2021-11-03,2022-06-01,210,0,
8372881,2021-11-03,2022-06-01,210,0,
7347160,2021-11-03,2022-06-01,210,0,
8218440,2021-11-03,2022-06-01,210,0,
7348435,2021-11-03,2022-06-01,210,0,
7424446,2021-11-03,2022-06-01,210,0,
6574048,2021-11-03,2022-06-01,210,0,
7854338,2021-11-03,2022-06-01,210,0,
7578154,2021-11-03,2022-06-01,210,0,
7981938,2021-11-03,2022-06-01,210,0,
901397,2021-11-03,2022-06-01,210,0,
9482038,2021-11-03,2022-06-01,210,0,
7347157,2021-11-03,2022-06-01,210,0,
6575282,2021-11-03,2022-06-01,210,0,
6574993,2021-11-03,2022-06-01,210,0,
8701807,2021-11-03,2022-03-23,140,0,
7839560,2021-11-03,2022-06-01,210,0,
449787,2021-11-03,2022-05-25,203,0,
6517937,2021-11-03,2022-06-01,210,0,
6579596,2021-11-03,2022-06-01,210,0,
9743630,2021-11-03,2022-05-18,196,0,
9141144,2021-11-03,2022-06-08,217,0,
6573942,2021-11-03,2022-06-01,210,0,
6560299,2021-11-03,2022-06-01,210,0,
6574868,2021-11-03,2022-06-01,210,0,
7911140,2021-11-03,2022-03-09,126,0,
7965512,2021-11-03,2022-06-01,210,0,
9404306,2021-11-03,2022-06-01,210,0,
8976882,2021-11-03,2022-04-20,168,0,
7342144,2021-11-03,2022-06-01,210,0,
9377906,2021-11-03,2022-05-25,203,0,
5140599,2021-11-03,2022-04-20,168,0,
6575118,2021-11-03,2022-06-01,210,0,
7353923,2021-11-03,2022-06-01,210,0,
8751268,2021-11-03,2022-05-25,203,0,
7347090,2021-11-03,2022-05-18,196,0,
7369218,2021-11-03,2022-05-25,203,0,
7363327,2021-11-03,2022-06-01,210,0,
6575739,2021-11-03,2022-06-01,210,0,
7841534,2021-11-03,2022-06-01,210,0,
6517944,2021-11-03,2022-06-01,210,0,
7839615,2021-11-03,2022-06-01,210,0,
6579765,2021-11-03,2022-06-01,210,0,
6518137,2021-11-03,2022-06-01,210,0,
7353924,2021-11-03,2022-06-01,210,0,
6575370,2021-11-03,2022-04-27,175,0,
7354012,2021-11-03,2022-06-01,210,0,
7379164,2021-11-03,2022-06-01,210,0,
7347208,2021-11-03,2022-06-01,210,0,
6575000,2021-11-03,2022-04-06,154,0,
7421180,2021-11-03,2022-06-01,210,0,
6570603,2021-11-03,2022-06-01,210,0,
6578500,2021-11-03,2022-06-01,210,0,
6575002,2021-11-03,2022-06-01,210,0,
6518454,2021-11-03,2022-06-01,210,0,
8334538,2021-11-03,2022-06-01,210,0,
6565450,2021-11-03,2022-06-08,217,0,
6575350,2021-11-03,2022-06-01,210,0,
6574911,2021-11-03,2022-06-01,210,0,
9740202,2021-11-03,2022-03-16,133,0,
7571131,2021-11-03,2022-04-20,168,0,
8201499,2021-11-03,2022-05-25,203,0,
7901644,2021-11-03,2022-03-23,140,0,
8990305,2021-11-03,2022-06-01,210,0,
9405408,2021-11-03,2022-05-25,203,0,
7931333,2021-11-10,2022-04-20,161,0,
6571795,2021-11-10,2022-06-01,203,0,
9869313,2021-11-10,2022-05-18,189,0,
6557654,2021-11-10,2022-06-01,203,0,
7945739,2021-11-10,2022-05-18,189,0,
8481103,2021-11-10,2022-04-13,154,0,
9144497,2021-11-10,2022-06-01,203,0,
8359095,2021-11-10,2022-06-01,203,0,
7873541,2021-11-10,2022-05-25,196,0,
9520075,2021-11-10,2022-05-25,196,0,
7873411,2021-11-10,2022-06-01,203,0,
8273927,2021-11-10,2022-04-13,154,0,
7420981,2021-11-10,2022-03-09,119,0,
7353915,2021-11-10,2022-06-01,203,0,
6557897,2021-11-10,2022-04-27,168,0,
6584633,2021-11-10,2022-06-01,203,0,
6573907,2021-11-10,2022-06-01,203,0,
8255537,2021-11-10,2022-05-11,182,0,
6575266,2021-11-10,2022-06-08,210,0,
6567552,2021-11-10,2022-04-13,154,0,
5572354,2021-11-10,2022-05-25,196,0,
6575413,2021-11-10,2022-05-25,196,0,
7579944,2021-11-10,2022-03-30,140,0,
9801735,2021-11-10,2022-04-20,161,0,
7917450,2021-11-10,2022-06-01,203,0,
7553902,2021-11-10,2022-06-01,203,0,
7451608,2021-11-10,2022-03-30,140,0,
6557818,2021-11-10,2022-06-01,203,0,
9073200,2021-11-10,2022-06-01,203,0,
7723800,2021-11-10,2022-03-30,140,0,
5319349,2021-11-10,2022-06-01,203,0,
9685686,2021-11-10,2022-06-01,203,0,
1047665,2021-11-10,2022-06-01,203,0,
7342972,2021-11-10,2022-06-01,203,0,
8860880,2021-11-10,2022-05-18,189,0,
9211284,2021-11-10,2022-06-01,203,0,
9778885,2021-11-10,2022-03-30,140,0,
8512679,2021-11-10,2022-04-20,161,0,
8912133,2021-11-10,2022-05-25,196,0,
6584974,2021-11-10,2022-06-01,203,0,
6517952,2021-11-10,2022-05-18,189,0,
2336952,2021-11-10,2022-05-25,196,0,
8733405,2021-11-10,2022-05-25,196,0,
9748405,2021-11-10,2022-04-13,154,0,
7353749,2021-11-10,2022-06-01,203,0,
5625371,2021-11-10,2022-06-01,203,0,
5520325,2021-11-10,2022-06-01,203,0,
7353895,2021-11-10,2022-05-25,196,0,
7341404,2021-11-10,2022-06-01,203,0,
7402285,2021-11-10,2022-03-30,140,0,
9118390,2021-11-10,2022-05-25,196,0,
9989936,2021-11-17,2022-06-01,196,0,
8861186,2021-11-17,2022-03-30,133,0,
9647040,2021-11-17,2022-06-01,196,0,
816274,2021-11-17,2022-06-01,196,0,
8557864,2021-11-17,2022-05-18,182,0,
8715894,2021-11-17,2022-04-06,140,0,
8515794,2021-11-17,2022-05-18,182,0,
8287283,2021-11-17,2022-06-01,196,0,
5550624,2021-11-17,2022-05-25,189,0,
8958085,2021-11-17,2022-06-01,196,0,
7910289,2021-11-17,2022-05-25,189,0,
7958341,2021-11-17,2022-06-01,196,0,
5533664,2021-11-17,2022-05-11,175,0,
6571954,2021-11-17,2022-06-01,196,0,
7651421,2021-11-17,2022-06-01,196,0,
6569269,2021-11-17,2022-03-09,112,0,
7386274,2021-11-17,2022-05-18,182,0,
9509742,2021-11-17,2022-03-09,112,0,
5302133,2021-11-24,2022-03-09,105,0,
9903425,2021-11-24,2022-04-27,154,0,
7946893,2021-11-24,2022-05-11,168,0,
10079726,2021-11-24,2022-04-06,133,0,
9296017,2021-11-24,2022-06-01,189,0,
6582667,2021-11-24,2022-05-25,182,0,
7861742,2021-11-24,2022-06-01,189,0,
9409046,2021-11-24,2022-06-01,189,0,
6579664,2021-11-24,2022-03-23,119,0,
5588933,2021-11-24,2022-06-01,189,0,
6579380,2021-11-24,2022-06-01,189,0,
7845873,2021-11-24,2022-05-25,182,0,
7722861,2021-11-24,2022-05-18,175,0,
7873182,2021-12-01,2022-06-01,182,0,
8203343,2021-12-01,2022-03-23,112,0,
7862345,2021-12-01,2022-06-01,182,0,
6574895,2021-12-01,2022-03-16,105,0,
8973417,2021-12-01,2022-05-25,175,0,
6584642,2021-12-01,2022-06-01,182,0,
4989952,2021-12-01,2022-03-09,98,0,
7767239,2021-12-01,2022-06-01,182,0,
7871008,2021-12-01,2022-06-01,182,0,
8309027,2021-12-01,2022-03-30,119,0,
7512194,2021-12-01,2022-06-01,182,0,
9793828,2021-12-01,2022-05-25,175,0,
8915262,2021-12-01,2022-06-08,189,0,
7907160,2021-12-01,2022-06-01,182,0,
9699656,2021-12-01,2022-04-20,140,0,
6584639,2021-12-01,2022-06-01,182,0,
7913313,2021-12-01,2022-06-01,182,0,
7825720,2021-12-01,2022-06-01,182,0,
8790524,2021-12-08,2022-03-09,91,0,
9769543,2021-12-08,2022-05-18,161,0,
8249524,2021-12-08,2022-03-30,112,0,
9516473,2021-12-08,2022-03-23,105,0,
1860922,2021-12-08,2022-06-01,175,0,
7627817,2021-12-08,2022-06-01,175,0,
8724970,2021-12-08,2022-03-09,91,0,
9888137,2021-12-08,2022-03-16,98,0,
6575306,2021-12-08,2022-06-01,175,0,
9942278,2021-12-08,2022-03-16,98,0,
9836897,2021-12-08,2022-06-08,182,0,
10119311,2021-12-08,2022-05-18,161,0,
8135285,2021-12-08,2022-04-20,133,0,
9966895,2021-12-15,2022-06-01,168,0,
10205558,2021-12-15,2022-04-06,112,0,
9999657,2021-12-15,2022-03-23,98,0,
9549153,2021-12-15,2022-05-25,161,0,
666848,2021-12-15,2022-03-30,105,0,
7421017,2021-12-15,2022-05-04,140,0,
7535813,2021-12-15,2022-06-08,175,0,
6518075,2021-12-15,2022-05-25,161,0,
9648980,2021-12-15,2022-04-06,112,0,
7922394,2021-12-22,2022-06-01,161,0,
9923040,2021-12-22,2022-04-06,105,0,
7863722,2021-12-22,2022-03-30,98,0,
9121288,2021-12-22,2022-05-25,154,0,
9977809,2021-12-22,2022-05-11,140,0,
7811369,2021-12-22,2022-06-01,161,0,
9676562,2021-12-22,2022-05-11,140,0,
10139340,2021-12-22,2022-06-01,161,0,
9945406,2021-12-22,2022-05-18,147,0,
10109206,2021-12-22,2022-06-08,168,0,
6567503,2021-12-22,2022-06-08,168,0,
7816280,2021-12-22,2022-06-08,168,0,
9801505,2021-12-22,2022-05-18,147,0,
9918844,2021-12-22,2022-06-01,161,0,
9522174,2021-12-22,2022-06-01,161,0,
10161192,2021-12-22,2022-03-23,91,0,
7786962,2021-12-22,2022-06-01,161,0,
7481079,2021-12-22,2022-04-06,105,0,
2042482,2021-12-22,2022-05-04,133,0,
1054271,2021-12-29,2022-03-23,84,0,
8199449,2021-12-29,2022-04-20,112,0,
10009009,2021-12-29,2022-06-01,154,0,
7961579,2021-12-29,2022-04-27,119,0,
6584601,2021-12-29,2022-05-04,126,0,
8376966,2021-12-29,2022-05-25,147,0,
5124994,2021-12-29,2022-06-01,154,0,
7994644,2022-01-05,2022-06-08,154,0,
10292367,2022-01-05,2022-04-13,98,0,
9801549,2022-01-05,2022-05-18,133,0,
9612043,2022-01-05,2022-06-01,147,0,
9327323,2022-01-05,2022-05-11,126,0,
8160267,2022-01-05,2022-03-09,63,0,
10043861,2022-01-05,2022-03-16,70,0,
7523941,2022-01-12,2022-05-11,119,0,
7945906,2022-01-12,2022-03-09,56,0,
8614876,2022-01-12,2022-03-16,63,0,
8183438,2022-01-12,2022-03-09,56,0,
5550995,2022-01-12,2022-04-20,98,0,
10164420,2022-01-12,2022-05-18,126,0,
7448829,2022-01-12,2022-05-25,133,0,
7848079,2022-01-19,2022-04-20,91,0,
10251671,2022-01-19,2022-03-30,70,0,
9890468,2022-01-19,2022-05-18,119,0,
6584616,2022-01-19,2022-06-01,133,0,
8353277,2022-01-19,2022-04-13,84,0,
9917373,2022-01-19,2022-05-25,126,0,
7834364,2022-01-19,2022-04-27,98,0,
9518415,2022-01-19,2022-04-27,98,0,
4934542,2022-01-19,2022-05-18,119,0,
8335841,2022-01-19,2022-06-01,133,0,
5604366,2022-01-26,2022-04-06,70,0,
9473036,2022-01-26,2022-06-01,126,0,
5248666,2022-01-26,2022-04-20,84,0,
5630689,2022-02-09,2022-04-06,56,0,
10403258,2022-02-09,2022-04-20,70,0,
10022476,2022-02-09,2022-06-01,112,0,
8006765,2022-02-09,2022-05-04,84,0,
9537877,2022-02-09,2022-05-25,105,0,
6584709,2022-02-09,2022-06-01,112,0,
10372585,2022-02-09,2022-04-20,70,0,
10317735,2022-02-09,2022-05-04,84,0,
2069446,2022-02-16,2022-04-13,56,0,
7918392,2022-02-16,2022-03-16,28,0,
7897911,2022-02-16,2022-04-06,49,0,
10428374,2022-02-16,2022-06-08,112,0,
9994369,2022-02-16,2022-06-08,112,0,
9324149,2022-02-16,2022-05-11,84,0,
7936472,2022-02-16,2022-04-20,63,0,
6560203,2022-02-16,2022-04-06,49,0,
7724545,2022-02-16,2022-03-23,35,0,
10224935,2022-02-16,2022-06-01,105,0,
7725520,2022-02-16,2022-06-01,105,0,
9885675,2022-02-16,2022-06-01,105,0,
10446091,2022-02-16,2022-05-18,91,0,
9561319,2022-02-16,2022-05-18,91,0,
9783057,2022-02-16,2022-05-18,91,0,
9634645,2022-02-23,2022-05-04,70,0,
10461366,2022-02-23,2022-06-01,98,0,
8000536,2022-02-23,2022-06-01,98,0,
9295990,2022-02-23,2022-04-27,63,0,
7776907,2022-02-23,2022-06-01,98,0,
9742182,2022-02-23,2022-05-25,91,0,
5121719,2022-02-23,2022-05-18,84,0,
8461921,2022-02-23,2022-04-27,63,0,
10436409,2022-02-23,2022-06-01,98,0,
9472897,2022-02-23,2022-06-01,98,0,
7414546,2022-02-23,2022-05-18,84,0,
10501683,2022-03-02,2022-03-09,7,0,
8617190,2022-03-02,2022-03-30,28,0,
6580377,2022-03-02,2022-06-01,91,0,
7898142,2022-03-02,2022-04-20,49,0,
9774503,2022-03-02,2022-03-09,7,0,
9646900,2022-03-02,2022-04-20,49,0,
6557727,2022-03-02,2022-06-01,91,0,
6573934,2022-03-02,2022-03-09,7,0,
9260965,2022-03-02,2022-05-25,84,0,
9847966,2022-03-02,2022-05-25,84,0,
9890574,2022-03-02,2022-04-27,56,0,
8682986,2022-03-09,2022-04-06,28,0,
6574967,2022-03-09,2022-03-16,7,0,
10525929,2022-03-09,2022-06-01,84,0,
10540505,2022-03-09,2022-06-01,84,0,
10517409,2022-03-09,2022-04-13,35,0,
8069943,2022-03-09,2022-03-16,7,0,
8879766,2022-03-09,2022-03-16,7,0,
7907296,2022-03-09,2022-03-23,14,0,
7800469,2022-03-09,2022-06-01,84,0,
7597358,2022-03-09,2022-04-13,35,0,
5564361,2022-03-09,2022-05-04,56,0,
9909871,2022-03-09,2022-05-25,77,0,
7432411,2022-03-09,2022-03-16,7,0,
7985992,2022-03-09,2022-03-16,7,0,
6547387,2022-03-09,2022-03-16,7,0,
2060885,2022-03-09,2022-05-11,63,0,
1875685,2022-03-09,2022-03-16,7,0,
6557691,2022-03-09,2022-03-23,14,0,
5622656,2022-03-09,2022-04-20,42,0,
7421210,2022-03-09,2022-04-20,42,0,
7342561,2022-03-09,2022-06-01,84,0,
7721569,2022-03-09,2022-03-16,7,0,
2247752,2022-03-16,2022-03-23,7,0,
10605007,2022-03-16,2022-03-23,7,0,
1651823,2022-03-16,2022-03-23,7,0,
9320285,2022-03-16,2022-03-23,7,0,
5353992,2022-03-16,2022-04-27,42,0,
5243195,2022-03-16,2022-03-30,14,0,
10628627,2022-03-16,2022-06-01,77,0,
6575126,2022-03-16,2022-04-06,21,0,
10622691,2022-03-16,2022-04-06,21,0,
10634089,2022-03-16,2022-05-25,70,0,
10546299,2022-03-16,2022-04-06,21,0,
10411248,2022-03-16,2022-04-27,42,0,
9896347,2022-03-16,2022-03-23,7,0,
8810139,2022-03-16,2022-04-27,42,0,
8324511,2022-03-16,2022-03-30,14,0,
9930693,2022-03-16,2022-03-23,7,0,
7844966,2022-03-16,2022-03-23,7,0,
7706827,2022-03-16,2022-06-01,77,0,
9902191,2022-03-16,2022-05-25,70,0,
10082025,2022-03-16,2022-06-01,77,0,
7807442,2022-03-16,2022-06-08,84,0,
9860888,2022-03-16,2022-05-18,63,0,
7682665,2022-03-16,2022-05-25,70,0,
7916988,2022-03-16,2022-06-01,77,0,
7834060,2022-03-16,2022-03-30,14,0,
5638098,2022-03-16,2022-06-01,77,0,
7893715,2022-03-16,2022-03-23,7,0,
9562927,2022-03-16,2022-05-25,70,0,
10405128,2022-03-23,2022-04-27,35,0,
10631228,2022-03-23,2022-03-30,7,0,
8325905,2022-03-23,2022-04-27,35,0,
10666301,2022-03-23,2022-04-06,14,0,
10679371,2022-03-23,2022-04-06,14,0,
10607756,2022-03-23,2022-03-30,7,0,
10639896,2022-03-23,2022-04-06,14,0,
10656070,2022-03-23,2022-03-30,7,0,
10325464,2022-03-23,2022-05-25,63,0,
10675661,2022-03-23,2022-04-13,21,0,
9325533,2022-03-23,2022-03-30,7,0,
8541141,2022-03-23,2022-05-11,49,0,
9505874,2022-03-23,2022-04-06,14,0,
7506783,2022-03-23,2022-04-13,21,0,
8600390,2022-03-23,2022-04-06,14,0,
9908558,2022-03-23,2022-06-01,70,0,
9639406,2022-03-23,2022-04-20,28,0,
7930597,2022-03-23,2022-03-30,7,0,
6585116,2022-03-23,2022-05-25,63,0,
9368258,2022-03-23,2022-03-30,7,0,
8953707,2022-03-23,2022-03-30,7,0,
10416932,2022-03-23,2022-06-01,70,0,
10642234,2022-03-23,2022-05-25,63,0,
9093898,2022-03-23,2022-06-01,70,0,
10481418,2022-03-23,2022-05-25,63,0,
8591189,2022-03-23,2022-04-06,14,0,
2187731,2022-03-23,2022-04-27,35,0,
9308900,2022-03-23,2022-03-30,7,0,
6584630,2022-03-23,2022-03-30,7,0,
8640980,2022-03-30,2022-04-13,14,0,
9401855,2022-03-30,2022-04-06,7,0,
7860014,2022-03-30,2022-04-06,7,0,
5422179,2022-03-30,2022-04-27,28,0,
1549642,2022-03-30,2022-05-18,49,0,
10701531,2022-03-30,2022-04-13,14,0,
10215019,2022-03-30,2022-06-01,63,0,
5703061,2022-03-30,2022-04-06,7,0,
5527171,2022-03-30,2022-06-01,63,0,
4831355,2022-03-30,2022-06-01,63,0,
8035517,2022-03-30,2022-05-11,42,0,
9847742,2022-03-30,2022-04-06,7,0,
8582039,2022-03-30,2022-04-06,7,0,
10498904,2022-03-30,2022-06-01,63,0,
7350758,2022-03-30,2022-04-27,28,0,
8996751,2022-03-30,2022-06-01,63,0,
7735783,2022-03-30,2022-06-01,63,0,
10674169,2022-03-30,2022-04-06,7,0,
4885010,2022-03-30,2022-05-11,42,0,
7342118,2022-03-30,2022-05-04,35,0,
9575379,2022-03-30,2022-04-20,21,0,
2140515,2022-03-30,2022-06-08,70,0,
9184216,2022-03-30,2022-05-04,35,0,
9778822,2022-03-30,2022-05-04,35,0,
10728840,2022-04-06,2022-05-11,35,0,
5361340,2022-04-06,2022-05-25,49,0,
7922356,2022-04-06,2022-04-27,21,0,
9990810,2022-04-06,2022-04-13,7,0,
7788632,2022-04-06,2022-05-11,35,0,
8619978,2022-04-06,2022-04-13,7,0,
1772045,2022-04-06,2022-05-04,28,0,
8816434,2022-04-06,2022-04-20,14,0,
6572426,2022-04-06,2022-04-13,7,0,
9167776,2022-04-06,2022-05-04,28,0,
9857693,2022-04-06,2022-04-13,7,0,
8811206,2022-04-06,2022-04-13,7,0,
9882758,2022-04-06,2022-04-13,7,0,
3037549,2022-04-06,2022-06-01,56,0,
9698239,2022-04-06,2022-05-25,49,0,
9092026,2022-04-06,2022-04-27,21,0,
9665163,2022-04-13,2022-04-27,14,0,
9146192,2022-04-13,2022-04-20,7,0,
8783725,2022-04-13,2022-04-20,7,0,
10613481,2022-04-13,2022-06-01,49,0,
10187791,2022-04-13,2022-06-01,49,0,
8021201,2022-04-13,2022-04-20,7,0,
5445920,2022-04-13,2022-04-20,7,0,
5403319,2022-04-13,2022-04-20,7,0,
9304452,2022-04-13,2022-04-20,7,0,
9801763,2022-04-13,2022-04-20,7,0,
7918321,2022-04-13,2022-06-01,49,0,
6563951,2022-04-13,2022-05-25,42,0,
4986506,2022-04-13,2022-04-20,7,0,
5270541,2022-04-13,2022-04-20,7,0,
8970775,2022-04-13,2022-05-18,35,0,
10582550,2022-04-13,2022-05-25,42,0,
8986995,2022-04-13,2022-04-20,7,0,
7342092,2022-04-13,2022-04-27,14,0,
9893101,2022-04-13,2022-05-18,35,0,
9541389,2022-04-13,2022-04-20,7,0,
9778383,2022-04-13,2022-05-25,42,0,
5403304,2022-04-20,2022-04-27,7,0,
1848181,2022-04-20,2022-06-01,42,0,
10826116,2022-04-20,2022-04-27,7,0,
10822932,2022-04-20,2022-05-18,28,0,
10168649,2022-04-20,2022-04-27,7,0,
8071861,2022-04-20,2022-04-27,7,0,
10819628,2022-04-20,2022-04-27,7,0,
10730568,2022-04-20,2022-04-27,7,0,
9795476,2022-04-20,2022-06-01,42,0,
8522768,2022-04-20,2022-04-27,7,0,
7633709,2022-04-20,2022-04-27,7,0,
8600636,2022-04-20,2022-06-01,42,0,
10266112,2022-04-20,2022-05-25,35,0,
9888501,2022-04-20,2022-06-08,49,0,
9748361,2022-04-20,2022-05-25,35,0,
9794512,2022-04-20,2022-05-11,21,0,
7432416,2022-04-20,2022-06-01,42,0,
10641515,2022-04-20,2022-05-04,14,0,
5235286,2022-04-20,2022-05-04,14,0,
8822099,2022-04-20,2022-04-27,7,0,
10488700,2022-04-20,2022-04-27,7,0,
2652588,2022-04-20,2022-04-27,7,0,
9533525,2022-04-20,2022-05-18,28,0,
10072348,2022-04-27,2022-05-25,28,0,
7348332,2022-04-27,2022-05-04,7,0,
9369301,2022-04-27,2022-06-08,42,0,
7395251,2022-04-27,2022-05-04,7,0,
2229634,2022-04-27,2022-05-11,14,0,
10865645,2022-04-27,2022-05-11,14,0,
9006482,2022-04-27,2022-06-01,35,0,
10122842,2022-04-27,2022-05-25,28,0,
9946310,2022-04-27,2022-06-08,42,0,
7479269,2022-04-27,2022-05-04,7,0,
9829807,2022-04-27,2022-06-01,35,0,
9335575,2022-04-27,2022-05-04,7,0,
10870855,2022-04-27,2022-05-04,7,0,
1397917,2022-04-27,2022-05-18,21,0,
9486773,2022-04-27,2022-05-11,14,0,
8426647,2022-04-27,2022-06-01,35,0,
7371119,2022-04-27,2022-05-11,14,0,
10872819,2022-04-27,2022-05-04,7,0,
7662714,2022-05-04,2022-06-01,28,0,
7506383,2022-05-04,2022-05-11,7,0,
10828347,2022-05-04,2022-06-01,28,0,
10792733,2022-05-04,2022-05-11,7,0,
10724540,2022-05-04,2022-05-11,7,0,
10920424,2022-05-04,2022-05-18,14,0,
5746478,2022-05-04,2022-05-11,7,0,
10821334,2022-05-04,2022-06-08,35,0,
8051247,2022-05-04,2022-05-18,14,0,
7365671,2022-05-04,2022-05-11,7,0,
5078,2022-05-04,2022-05-25,21,0,
5536459,2022-05-04,2022-05-11,7,0,
9590027,2022-05-04,2022-05-11,7,0,
9745775,2022-05-04,2022-05-18,14,0,
9180338,2022-05-04,2022-05-25,21,0,
8127118,2022-05-04,2022-06-01,28,0,
9888089,2022-05-04,2022-05-18,14,0,
7404692,2022-05-04,2022-06-01,28,0,
6569250,2022-05-04,2022-05-18,14,0,
9259813,2022-05-04,2022-05-18,14,0,
7624934,2022-05-04,2022-05-11,7,0,
7615083,2022-05-04,2022-05-18,14,0,
10872607,2022-05-04,2022-06-01,28,0,
7836106,2022-05-04,2022-05-25,21,0,
7556161,2022-05-04,2022-05-11,7,0,
9733567,2022-05-04,2022-05-11,7,0,
9164973,2022-05-11,2022-05-18,7,0,
9767049,2022-05-11,2022-05-18,7,0,
7379786,2022-05-11,2022-06-01,21,0,
10935227,2022-05-11,2022-05-18,7,0,
8570894,2022-05-11,2022-05-18,7,0,
7914510,2022-05-11,2022-05-18,7,0,
10755397,2022-05-11,2022-05-18,7,0,
9014127,2022-05-11,2022-06-01,21,0,
1869725,2022-05-11,2022-05-18,7,0,
6556041,2022-05-11,2022-05-25,14,0,
9102608,2022-05-11,2022-05-25,14,0,
9807907,2022-05-11,2022-06-01,21,0,
10200860,2022-05-11,2022-06-08,28,0,
7345886,2022-05-11,2022-05-18,7,0,
9359871,2022-05-11,2022-05-25,14,0,
9177967,2022-05-11,2022-06-01,21,0,
9675961,2022-05-11,2022-05-18,7,0,
7629432,2022-05-11,2022-05-18,7,0,
7549549,2022-05-11,2022-05-18,7,0,
10906943,2022-05-11,2022-06-01,21,0,
8335931,2022-05-11,2022-05-18,7,0,
10995278,2022-05-18,2022-05-25,7,0,
8796919,2022-05-18,2022-05-25,7,0,
7745758,2022-05-18,2022-05-25,7,0,
7523410,2022-05-18,2022-05-25,7,0,
2093792,2022-05-18,2022-06-01,14,0,
8182011,2022-05-18,2022-05-25,7,0,
10984392,2022-05-18,2022-05-25,7,0,
9322715,2022-05-18,2022-06-08,21,0,
5074729,2022-05-18,2022-05-25,7,0,
6569079,2022-05-18,2022-06-01,14,0,
10932088,2022-05-18,2022-06-01,14,0,
9564444,2022-05-18,2022-05-25,7,0,
7377299,2022-05-18,2022-05-25,7,0,
7716582,2022-05-18,2022-06-01,14,0,
8842978,2022-05-18,2022-06-01,14,0,
8887357,2022-05-18,2022-06-01,14,0,
7363368,2022-05-18,2022-05-25,7,0,
9893120,2022-05-18,2022-05-25,7,0,
8069246,2022-05-18,2022-06-01,14,0,
9801372,2022-05-18,2022-05-25,7,0,
9001895,2022-05-18,2022-05-25,7,0,
10026882,2022-05-18,2022-05-25,7,0,
8755204,2022-05-18,2022-06-01,14,0,
10986788,2022-05-18,2022-06-01,14,0,
5140532,2022-05-18,2022-05-25,7,0,
9361546,2022-05-18,2022-06-01,14,0,
8146444,2022-05-18,2022-05-25,7,0,
7838480,2022-05-25,2022-06-01,7,0,
9457501,2022-05-25,2022-06-01,7,0,
11038913,2022-05-25,2022-06-01,7,0,
11041990,2022-05-25,2022-06-01,7,0,
8100247,2022-05-25,2022-06-08,14,0,
5421202,2022-05-25,2022-06-01,7,0,
9079506,2022-05-25,2022-06-01,7,0,
9704858,2022-05-25,2022-06-01,7,0,
7806494,2022-05-25,2022-06-01,7,0,
7639774,2022-05-25,2022-06-08,14,0,
10595904,2022-05-25,2022-06-01,7,0,
9248662,2022-05-25,2022-06-01,7,0,
10586192,2022-05-25,2022-06-01,7,0,
9647719,2022-05-25,2022-06-01,7,0,
5103793,2022-05-25,2022-06-01,7,0,
10961757,2022-05-25,2022-06-08,14,0,
10858067,2022-05-25,2022-06-01,7,0,
2066071,2022-05-25,2022-06-01,7,0,
10874348,2022-05-25,2022-06-01,7,0,
5666861,2022-05-25,2022-06-01,7,0,
10912950,2022-05-25,2022-06-01,7,0,
10286379,2022-06-01,2022-06-08,7,0,
7959987,2022-06-01,2022-06-08,7,0,
7693062,2022-06-01,2022-06-08,7,0,
9393348,2022-06-01,2022-06-08,7,0,
time threshold(80%),182.0,
